INSERT INTO "User" (id, email, passwordHash, name, role, createdAt, updatedAt) VALUES
('seed_user_001', 'demo@bytheboysbakery.com', '$2b$10$HERghuI1aBuYmOx3Vx3TVOAPP878TiaQspxSRffa4b2.Ftbmxz/J2', 'Demo User', 'USER', datetime('now'), datetime('now'));
INSERT INTO "User" (id, email, passwordHash, name, role, createdAt, updatedAt) VALUES
('seed_user_002', 'admin@bytheboysbakery.com', '$2b$10$V5d0RIJ8g2A.bE7Mr8f0luP1OlPJTv6osgXc3ofG5oq8Sn6nK1KlG', 'Admin User', 'ADMIN', datetime('now'), datetime('now'));
INSERT INTO "Tag" (id, userId, name, createdAt) VALUES ('seed_tag_001', 'seed_user_001', 'Dessert', datetime('now'));
INSERT INTO "Tag" (id, userId, name, createdAt) VALUES ('seed_tag_002', 'seed_user_001', 'Quick', datetime('now'));
INSERT INTO "Tag" (id, userId, name, createdAt) VALUES ('seed_tag_003', 'seed_user_001', 'Favourite', datetime('now'));
INSERT INTO "Tag" (id, userId, name, createdAt) VALUES ('seed_tag_004', 'seed_user_001', 'Holiday', datetime('now'));
INSERT INTO "Tag" (id, userId, name, createdAt) VALUES ('seed_tag_005', 'seed_user_001', 'Breakfast', datetime('now'));
INSERT INTO "IngredientCategory" (id, name) VALUES ('seed_cat_001', 'Baking & Sweeteners');
INSERT INTO "IngredientCategory" (id, name) VALUES ('seed_cat_002', 'Dairy & Refrigerated');
INSERT INTO "IngredientCategory" (id, name) VALUES ('seed_cat_003', 'Grains & Pasta');
INSERT INTO "IngredientCategory" (id, name) VALUES ('seed_cat_004', 'Oils & Vinegars');
INSERT INTO "IngredientCategory" (id, name) VALUES ('seed_cat_005', 'Pantry & Canned');
INSERT INTO "IngredientCategory" (id, name) VALUES ('seed_cat_006', 'Produce');
INSERT INTO "IngredientCategory" (id, name) VALUES ('seed_cat_007', 'Proteins');
INSERT INTO "IngredientCategory" (id, name) VALUES ('seed_cat_008', 'Spices & Dried Herbs');
INSERT INTO "IngredientSubcategory" (id, name, ingredientCategoryId) VALUES ('seed_subcat_001', 'Baking', 'seed_cat_001');
INSERT INTO "IngredientSubcategory" (id, name, ingredientCategoryId) VALUES ('seed_subcat_002', 'Baking add-in', 'seed_cat_001');
INSERT INTO "IngredientSubcategory" (id, name, ingredientCategoryId) VALUES ('seed_subcat_003', 'Chocolate', 'seed_cat_001');
INSERT INTO "IngredientSubcategory" (id, name, ingredientCategoryId) VALUES ('seed_subcat_004', 'Flour', 'seed_cat_001');
INSERT INTO "IngredientSubcategory" (id, name, ingredientCategoryId) VALUES ('seed_subcat_005', 'Sugar', 'seed_cat_001');
INSERT INTO "IngredientSubcategory" (id, name, ingredientCategoryId) VALUES ('seed_subcat_006', 'Cheese', 'seed_cat_002');
INSERT INTO "IngredientSubcategory" (id, name, ingredientCategoryId) VALUES ('seed_subcat_007', 'Cultured', 'seed_cat_002');
INSERT INTO "IngredientSubcategory" (id, name, ingredientCategoryId) VALUES ('seed_subcat_008', 'Milk/Cream', 'seed_cat_002');
INSERT INTO "IngredientSubcategory" (id, name, ingredientCategoryId) VALUES ('seed_subcat_009', 'Pasta (dry)', 'seed_cat_003');
INSERT INTO "IngredientSubcategory" (id, name, ingredientCategoryId) VALUES ('seed_subcat_010', 'Rice/Grain (dry)', 'seed_cat_003');
INSERT INTO "IngredientSubcategory" (id, name, ingredientCategoryId) VALUES ('seed_subcat_011', 'Oil', 'seed_cat_004');
INSERT INTO "IngredientSubcategory" (id, name, ingredientCategoryId) VALUES ('seed_subcat_012', 'Vinegar', 'seed_cat_004');
INSERT INTO "IngredientSubcategory" (id, name, ingredientCategoryId) VALUES ('seed_subcat_013', 'Broth/Stock', 'seed_cat_005');
INSERT INTO "IngredientSubcategory" (id, name, ingredientCategoryId) VALUES ('seed_subcat_014', 'Canned tomato', 'seed_cat_005');
INSERT INTO "IngredientSubcategory" (id, name, ingredientCategoryId) VALUES ('seed_subcat_015', 'Condiment/Sauce', 'seed_cat_005');
INSERT INTO "IngredientSubcategory" (id, name, ingredientCategoryId) VALUES ('seed_subcat_016', 'Fruit (chopped)', 'seed_cat_006');
INSERT INTO "IngredientSubcategory" (id, name, ingredientCategoryId) VALUES ('seed_subcat_017', 'Leafy green (raw)', 'seed_cat_006');
INSERT INTO "IngredientSubcategory" (id, name, ingredientCategoryId) VALUES ('seed_subcat_018', 'Vegetable (chopped)', 'seed_cat_006');
INSERT INTO "IngredientSubcategory" (id, name, ingredientCategoryId) VALUES ('seed_subcat_019', 'Beans/Legumes', 'seed_cat_007');
INSERT INTO "IngredientSubcategory" (id, name, ingredientCategoryId) VALUES ('seed_subcat_020', 'Eggs', 'seed_cat_007');
INSERT INTO "IngredientSubcategory" (id, name, ingredientCategoryId) VALUES ('seed_subcat_021', 'Meat/Fish (diced)', 'seed_cat_007');
INSERT INTO "IngredientSubcategory" (id, name, ingredientCategoryId) VALUES ('seed_subcat_022', 'Herb (dried)', 'seed_cat_008');
INSERT INTO "IngredientSubcategory" (id, name, ingredientCategoryId) VALUES ('seed_subcat_023', 'Salt', 'seed_cat_008');
INSERT INTO "IngredientSubcategory" (id, name, ingredientCategoryId) VALUES ('seed_subcat_024', 'Spice', 'seed_cat_008');
INSERT INTO "Ingredient" (id, name, normalizedName, category, subcategory, costBasisUnit, estimatedCentsPerBasisUnit, gramsPerCup, conversionConfidence, costConfidence, preferredDisplayUnit, notes, createdAt, updatedAt) VALUES ('seed_ing_001', 'light brown sugar', 'light brown sugar', 'Baking & Sweeteners', 'Sugar', 'GRAM', 0.4, 220, 'High', 'High', 'CUP', 'Assumes packed cup measurement. Slightly lower molasses content than dark brown sugar.', datetime('now'), datetime('now'));
INSERT INTO "Ingredient" (id, name, normalizedName, category, subcategory, costBasisUnit, estimatedCentsPerBasisUnit, gramsPerCup, conversionConfidence, costConfidence, preferredDisplayUnit, notes, createdAt, updatedAt) VALUES ('seed_ing_002', 'dark brown sugar', 'dark brown sugar', 'Baking & Sweeteners', 'Sugar', 'GRAM', 0.42, 220, 'High', 'High', 'CUP', 'Assumes packed cup measurement. Higher molasses content than light brown sugar.', datetime('now'), datetime('now'));
INSERT INTO "Ingredient" (id, name, normalizedName, category, subcategory, costBasisUnit, estimatedCentsPerBasisUnit, gramsPerCup, conversionConfidence, costConfidence, preferredDisplayUnit, notes, createdAt, updatedAt) VALUES ('seed_ing_003', 'all-purpose flour', 'all purpose flour', 'Baking & Sweeteners', 'Flour', 'GRAM', 0.12, 120, 'High', 'Medium', 'CUP', '', datetime('now'), datetime('now'));
INSERT INTO "Ingredient" (id, name, normalizedName, category, subcategory, costBasisUnit, estimatedCentsPerBasisUnit, gramsPerCup, conversionConfidence, costConfidence, preferredDisplayUnit, notes, createdAt, updatedAt) VALUES ('seed_ing_004', 'bread flour', 'bread flour', 'Baking & Sweeteners', 'Flour', 'GRAM', 0.12, 125, 'High', 'Medium', 'CUP', '', datetime('now'), datetime('now'));
INSERT INTO "Ingredient" (id, name, normalizedName, category, subcategory, costBasisUnit, estimatedCentsPerBasisUnit, gramsPerCup, conversionConfidence, costConfidence, preferredDisplayUnit, notes, createdAt, updatedAt) VALUES ('seed_ing_005', 'cake flour', 'cake flour', 'Baking & Sweeteners', 'Flour', 'GRAM', 1, 110, 'High', 'Medium', 'CUP', '', datetime('now'), datetime('now'));
INSERT INTO "Ingredient" (id, name, normalizedName, category, subcategory, costBasisUnit, estimatedCentsPerBasisUnit, gramsPerCup, conversionConfidence, costConfidence, preferredDisplayUnit, notes, createdAt, updatedAt) VALUES ('seed_ing_006', 'whole wheat flour', 'whole wheat flour', 'Baking & Sweeteners', 'Flour', 'GRAM', 0.14, 120, 'High', 'Medium', 'CUP', '', datetime('now'), datetime('now'));
INSERT INTO "Ingredient" (id, name, normalizedName, category, subcategory, costBasisUnit, estimatedCentsPerBasisUnit, gramsPerCup, conversionConfidence, costConfidence, preferredDisplayUnit, notes, createdAt, updatedAt) VALUES ('seed_ing_007', 'self-rising flour', 'self rising flour', 'Baking & Sweeteners', 'Flour', 'GRAM', 0.13, 120, 'High', 'Medium', 'CUP', '', datetime('now'), datetime('now'));
INSERT INTO "Ingredient" (id, name, normalizedName, category, subcategory, costBasisUnit, estimatedCentsPerBasisUnit, gramsPerCup, conversionConfidence, costConfidence, preferredDisplayUnit, notes, createdAt, updatedAt) VALUES ('seed_ing_008', 'pastry flour', 'pastry flour', 'Baking & Sweeteners', 'Flour', 'GRAM', 0.13, 120, 'High', 'Medium', 'CUP', '', datetime('now'), datetime('now'));
INSERT INTO "Ingredient" (id, name, normalizedName, category, subcategory, costBasisUnit, estimatedCentsPerBasisUnit, gramsPerCup, conversionConfidence, costConfidence, preferredDisplayUnit, notes, createdAt, updatedAt) VALUES ('seed_ing_009', 'gluten-free flour blend', 'gluten free flour blend', 'Baking & Sweeteners', 'Flour', 'GRAM', 0.9, 120, 'High', 'Medium', 'CUP', '', datetime('now'), datetime('now'));
INSERT INTO "Ingredient" (id, name, normalizedName, category, subcategory, costBasisUnit, estimatedCentsPerBasisUnit, gramsPerCup, conversionConfidence, costConfidence, preferredDisplayUnit, notes, createdAt, updatedAt) VALUES ('seed_ing_010', 'almond flour', 'almond flour', 'Baking & Sweeteners', 'Flour', 'GRAM', 1.8, 120, 'High', 'Medium', 'CUP', '', datetime('now'), datetime('now'));
INSERT INTO "Ingredient" (id, name, normalizedName, category, subcategory, costBasisUnit, estimatedCentsPerBasisUnit, gramsPerCup, conversionConfidence, costConfidence, preferredDisplayUnit, notes, createdAt, updatedAt) VALUES ('seed_ing_011', 'coconut flour', 'coconut flour', 'Baking & Sweeteners', 'Flour', 'GRAM', 1.3, 120, 'High', 'Medium', 'CUP', '', datetime('now'), datetime('now'));
INSERT INTO "Ingredient" (id, name, normalizedName, category, subcategory, costBasisUnit, estimatedCentsPerBasisUnit, gramsPerCup, conversionConfidence, costConfidence, preferredDisplayUnit, notes, createdAt, updatedAt) VALUES ('seed_ing_012', 'cornstarch', 'cornstarch', 'Baking & Sweeteners', 'Flour', 'GRAM', 0.08, 120, 'High', 'Medium', 'CUP', '', datetime('now'), datetime('now'));
INSERT INTO "Ingredient" (id, name, normalizedName, category, subcategory, costBasisUnit, estimatedCentsPerBasisUnit, gramsPerCup, conversionConfidence, costConfidence, preferredDisplayUnit, notes, createdAt, updatedAt) VALUES ('seed_ing_013', 'cornmeal', 'cornmeal', 'Baking & Sweeteners', 'Flour', 'GRAM', 0.1, 120, 'High', 'Medium', 'CUP', '', datetime('now'), datetime('now'));
INSERT INTO "Ingredient" (id, name, normalizedName, category, subcategory, costBasisUnit, estimatedCentsPerBasisUnit, gramsPerCup, conversionConfidence, costConfidence, preferredDisplayUnit, notes, createdAt, updatedAt) VALUES ('seed_ing_014', 'semolina flour', 'semolina flour', 'Baking & Sweeteners', 'Flour', 'GRAM', 0.15, 120, 'High', 'Medium', 'CUP', '', datetime('now'), datetime('now'));
INSERT INTO "Ingredient" (id, name, normalizedName, category, subcategory, costBasisUnit, estimatedCentsPerBasisUnit, gramsPerCup, conversionConfidence, costConfidence, preferredDisplayUnit, notes, createdAt, updatedAt) VALUES ('seed_ing_015', 'rye flour', 'rye flour', 'Baking & Sweeteners', 'Flour', 'GRAM', 0.2, 120, 'High', 'Medium', 'CUP', '', datetime('now'), datetime('now'));
INSERT INTO "Ingredient" (id, name, normalizedName, category, subcategory, costBasisUnit, estimatedCentsPerBasisUnit, gramsPerCup, conversionConfidence, costConfidence, preferredDisplayUnit, notes, createdAt, updatedAt) VALUES ('seed_ing_016', 'oat flour', 'oat flour', 'Baking & Sweeteners', 'Flour', 'GRAM', 0.25, 120, 'High', 'Medium', 'CUP', '', datetime('now'), datetime('now'));
INSERT INTO "Ingredient" (id, name, normalizedName, category, subcategory, costBasisUnit, estimatedCentsPerBasisUnit, gramsPerCup, conversionConfidence, costConfidence, preferredDisplayUnit, notes, createdAt, updatedAt) VALUES ('seed_ing_017', 'flaky sea salt', 'flaky sea salt', 'Spices & Dried Herbs', 'Salt', 'GRAM', 2, 96, 'Medium', 'Medium', 'TSP', 'Low-density finishing salt (e.g., Maldon style). Volume measurements are highly variable due to flake structure.', datetime('now'), datetime('now'));
INSERT INTO "Ingredient" (id, name, normalizedName, category, subcategory, costBasisUnit, estimatedCentsPerBasisUnit, gramsPerCup, conversionConfidence, costConfidence, preferredDisplayUnit, notes, createdAt, updatedAt) VALUES ('seed_ing_018', 'semi-sweet chocolate', 'semi sweet chocolate', 'Baking & Sweeteners', 'Chocolate', 'GRAM', 1, 170, 'High', 'Medium', 'CUP', 'Assumes chip or chunk form measured by cup. Density may vary slightly for bars vs chips.', datetime('now'), datetime('now'));
INSERT INTO "Ingredient" (id, name, normalizedName, category, subcategory, costBasisUnit, estimatedCentsPerBasisUnit, gramsPerCup, conversionConfidence, costConfidence, preferredDisplayUnit, notes, createdAt, updatedAt) VALUES ('seed_ing_019', 'fine sea salt', 'salt', 'Spices & Dried Herbs', 'Salt', 'GRAM', 1, 260, 'High', 'High', 'TSP', 'Fine grain sea salt. Slightly less dense than table salt but significantly denser than kosher or flaky salt.', datetime('now'), datetime('now'));
INSERT INTO "Ingredient" (id, name, normalizedName, category, subcategory, costBasisUnit, estimatedCentsPerBasisUnit, gramsPerCup, conversionConfidence, costConfidence, preferredDisplayUnit, notes, createdAt, updatedAt) VALUES ('seed_ing_020', 'granulated sugar', 'sugar', 'Baking & Sweeteners', 'Sugar', 'GRAM', 0.33, 200, 'High', 'High', 'CUP', '', datetime('now'), datetime('now'));
INSERT INTO "Ingredient" (id, name, normalizedName, category, subcategory, costBasisUnit, estimatedCentsPerBasisUnit, gramsPerCup, conversionConfidence, costConfidence, preferredDisplayUnit, notes, createdAt, updatedAt) VALUES ('seed_ing_021', 'powdered sugar', 'powdered sugar', 'Baking & Sweeteners', 'Sugar', 'GRAM', 0.35, 120, 'High', 'High', 'CUP', '', datetime('now'), datetime('now'));
INSERT INTO "Ingredient" (id, name, normalizedName, category, subcategory, costBasisUnit, estimatedCentsPerBasisUnit, gramsPerCup, conversionConfidence, costConfidence, preferredDisplayUnit, notes, createdAt, updatedAt) VALUES ('seed_ing_022', 'turbinado sugar', 'turbinado sugar', 'Baking & Sweeteners', 'Sugar', 'GRAM', 0.5, 200, 'High', 'High', 'CUP', '', datetime('now'), datetime('now'));
INSERT INTO "Ingredient" (id, name, normalizedName, category, subcategory, costBasisUnit, estimatedCentsPerBasisUnit, gramsPerCup, conversionConfidence, costConfidence, preferredDisplayUnit, notes, createdAt, updatedAt) VALUES ('seed_ing_023', 'demerara sugar', 'demerara sugar', 'Baking & Sweeteners', 'Sugar', 'GRAM', 0.5, 200, 'High', 'High', 'CUP', '', datetime('now'), datetime('now'));
INSERT INTO "Ingredient" (id, name, normalizedName, category, subcategory, costBasisUnit, estimatedCentsPerBasisUnit, gramsPerCup, conversionConfidence, costConfidence, preferredDisplayUnit, notes, createdAt, updatedAt) VALUES ('seed_ing_024', 'coconut sugar', 'coconut sugar', 'Baking & Sweeteners', 'Sugar', 'GRAM', 0.6, 200, 'High', 'High', 'CUP', '', datetime('now'), datetime('now'));
INSERT INTO "Ingredient" (id, name, normalizedName, category, subcategory, costBasisUnit, estimatedCentsPerBasisUnit, gramsPerCup, conversionConfidence, costConfidence, preferredDisplayUnit, notes, createdAt, updatedAt) VALUES ('seed_ing_025', 'honey', 'honey', 'Baking & Sweeteners', 'Sugar', 'GRAM', 1, 340, 'High', 'High', 'TBSP', '', datetime('now'), datetime('now'));
INSERT INTO "Ingredient" (id, name, normalizedName, category, subcategory, costBasisUnit, estimatedCentsPerBasisUnit, gramsPerCup, conversionConfidence, costConfidence, preferredDisplayUnit, notes, createdAt, updatedAt) VALUES ('seed_ing_026', 'maple syrup', 'maple syrup', 'Baking & Sweeteners', 'Sugar', 'GRAM', 2, 320, 'High', 'High', 'TBSP', '', datetime('now'), datetime('now'));
INSERT INTO "Ingredient" (id, name, normalizedName, category, subcategory, costBasisUnit, estimatedCentsPerBasisUnit, gramsPerCup, conversionConfidence, costConfidence, preferredDisplayUnit, notes, createdAt, updatedAt) VALUES ('seed_ing_027', 'molasses', 'molasses', 'Baking & Sweeteners', 'Sugar', 'GRAM', 0.3, 200, 'High', 'High', 'TBSP', '', datetime('now'), datetime('now'));
INSERT INTO "Ingredient" (id, name, normalizedName, category, subcategory, costBasisUnit, estimatedCentsPerBasisUnit, gramsPerCup, conversionConfidence, costConfidence, preferredDisplayUnit, notes, createdAt, updatedAt) VALUES ('seed_ing_028', 'agave nectar', 'agave nectar', 'Baking & Sweeteners', 'Sugar', 'GRAM', 0.4, 200, 'High', 'High', 'CUP', '', datetime('now'), datetime('now'));
INSERT INTO "Ingredient" (id, name, normalizedName, category, subcategory, costBasisUnit, estimatedCentsPerBasisUnit, gramsPerCup, conversionConfidence, costConfidence, preferredDisplayUnit, notes, createdAt, updatedAt) VALUES ('seed_ing_029', 'cocoa powder', 'cocoa powder', 'Baking & Sweeteners', 'Baking add-in', 'GRAM', 1, 170, 'Medium', 'Medium', 'TSP', '', datetime('now'), datetime('now'));
INSERT INTO "Ingredient" (id, name, normalizedName, category, subcategory, costBasisUnit, estimatedCentsPerBasisUnit, gramsPerCup, conversionConfidence, costConfidence, preferredDisplayUnit, notes, createdAt, updatedAt) VALUES ('seed_ing_030', 'chocolate chips', 'chocolate chips', 'Baking & Sweeteners', 'Baking add-in', 'GRAM', 1, 170, 'Medium', 'Medium', 'CUP', '', datetime('now'), datetime('now'));
INSERT INTO "Ingredient" (id, name, normalizedName, category, subcategory, costBasisUnit, estimatedCentsPerBasisUnit, gramsPerCup, conversionConfidence, costConfidence, preferredDisplayUnit, notes, createdAt, updatedAt) VALUES ('seed_ing_031', 'dark chocolate chips', 'dark chocolate chips', 'Baking & Sweeteners', 'Baking add-in', 'GRAM', 1, 170, 'Medium', 'Medium', 'CUP', '', datetime('now'), datetime('now'));
INSERT INTO "Ingredient" (id, name, normalizedName, category, subcategory, costBasisUnit, estimatedCentsPerBasisUnit, gramsPerCup, conversionConfidence, costConfidence, preferredDisplayUnit, notes, createdAt, updatedAt) VALUES ('seed_ing_032', 'dark chocolate chunks', 'dark chocolate chunks', 'Baking & Sweeteners', 'Baking add-in', 'GRAM', 1, 170, 'Medium', 'Medium', 'CUP', '', datetime('now'), datetime('now'));
INSERT INTO "Ingredient" (id, name, normalizedName, category, subcategory, costBasisUnit, estimatedCentsPerBasisUnit, gramsPerCup, conversionConfidence, costConfidence, preferredDisplayUnit, notes, createdAt, updatedAt) VALUES ('seed_ing_033', 'white chocolate chips', 'white chocolate chips', 'Baking & Sweeteners', 'Baking add-in', 'GRAM', 1, 170, 'Medium', 'Medium', 'CUP', '', datetime('now'), datetime('now'));
INSERT INTO "Ingredient" (id, name, normalizedName, category, subcategory, costBasisUnit, estimatedCentsPerBasisUnit, gramsPerCup, conversionConfidence, costConfidence, preferredDisplayUnit, notes, createdAt, updatedAt) VALUES ('seed_ing_034', 'white chocolate chunks', 'white chocolate chunks', 'Baking & Sweeteners', 'Baking add-in', 'GRAM', 1, 170, 'Medium', 'Medium', 'CUP', '', datetime('now'), datetime('now'));
INSERT INTO "Ingredient" (id, name, normalizedName, category, subcategory, costBasisUnit, estimatedCentsPerBasisUnit, gramsPerCup, conversionConfidence, costConfidence, preferredDisplayUnit, notes, createdAt, updatedAt) VALUES ('seed_ing_035', 'unsweetened chocolate', 'unsweetened chocolate', 'Baking & Sweeteners', 'Baking add-in', 'GRAM', 1, 170, 'Medium', 'Medium', 'CUP', '', datetime('now'), datetime('now'));
INSERT INTO "Ingredient" (id, name, normalizedName, category, subcategory, costBasisUnit, estimatedCentsPerBasisUnit, gramsPerCup, conversionConfidence, costConfidence, preferredDisplayUnit, notes, createdAt, updatedAt) VALUES ('seed_ing_036', 'semi-sweet (chips/chunks)', 'semi sweet', 'Baking & Sweeteners', 'Baking add-in', 'GRAM', 1, 170, 'Medium', 'Medium', 'CUP', '', datetime('now'), datetime('now'));
INSERT INTO "Ingredient" (id, name, normalizedName, category, subcategory, costBasisUnit, estimatedCentsPerBasisUnit, gramsPerCup, conversionConfidence, costConfidence, preferredDisplayUnit, notes, createdAt, updatedAt) VALUES ('seed_ing_037', 'vanilla extract', 'vanilla extract', 'Baking & Sweeteners', 'Baking add-in', 'GRAM', 1, 170, 'Medium', 'Medium', 'TSP', '', datetime('now'), datetime('now'));
INSERT INTO "Ingredient" (id, name, normalizedName, category, subcategory, costBasisUnit, estimatedCentsPerBasisUnit, gramsPerCup, conversionConfidence, costConfidence, preferredDisplayUnit, notes, createdAt, updatedAt) VALUES ('seed_ing_038', 'almond extract', 'almond extract', 'Baking & Sweeteners', 'Baking add-in', 'GRAM', 1, 170, 'Medium', 'Medium', 'TSP', '', datetime('now'), datetime('now'));
INSERT INTO "Ingredient" (id, name, normalizedName, category, subcategory, costBasisUnit, estimatedCentsPerBasisUnit, gramsPerCup, conversionConfidence, costConfidence, preferredDisplayUnit, notes, createdAt, updatedAt) VALUES ('seed_ing_039', 'baking soda', 'baking soda', 'Baking & Sweeteners', 'Baking add-in', 'GRAM', 0.02, 220, 'High', 'High', 'TSP', '', datetime('now'), datetime('now'));
INSERT INTO "Ingredient" (id, name, normalizedName, category, subcategory, costBasisUnit, estimatedCentsPerBasisUnit, gramsPerCup, conversionConfidence, costConfidence, preferredDisplayUnit, notes, createdAt, updatedAt) VALUES ('seed_ing_040', 'baking powder', 'baking powder', 'Baking & Sweeteners', 'Baking add-in', 'GRAM', 1, 192, 'High', 'High', 'TSP', '', datetime('now'), datetime('now'));
INSERT INTO "Ingredient" (id, name, normalizedName, category, subcategory, costBasisUnit, estimatedCentsPerBasisUnit, gramsPerCup, conversionConfidence, costConfidence, preferredDisplayUnit, notes, createdAt, updatedAt) VALUES ('seed_ing_041', 'active dry yeast', 'active dry yeast', 'Baking & Sweeteners', 'Baking add-in', 'GRAM', 1, 170, 'Medium', 'Medium', 'TSP', '', datetime('now'), datetime('now'));
INSERT INTO "Ingredient" (id, name, normalizedName, category, subcategory, costBasisUnit, estimatedCentsPerBasisUnit, gramsPerCup, conversionConfidence, costConfidence, preferredDisplayUnit, notes, createdAt, updatedAt) VALUES ('seed_ing_042', 'instant yeast', 'instant yeast', 'Baking & Sweeteners', 'Baking add-in', 'GRAM', 1, 170, 'Medium', 'Medium', 'TSP', '', datetime('now'), datetime('now'));
INSERT INTO "Ingredient" (id, name, normalizedName, category, subcategory, costBasisUnit, estimatedCentsPerBasisUnit, gramsPerCup, conversionConfidence, costConfidence, preferredDisplayUnit, notes, createdAt, updatedAt) VALUES ('seed_ing_043', 'gelatin powder', 'gelatin powder', 'Baking & Sweeteners', 'Baking add-in', 'GRAM', 1, 170, 'Medium', 'Medium', 'TSP', '', datetime('now'), datetime('now'));
INSERT INTO "Ingredient" (id, name, normalizedName, category, subcategory, costBasisUnit, estimatedCentsPerBasisUnit, gramsPerCup, conversionConfidence, costConfidence, preferredDisplayUnit, notes, createdAt, updatedAt) VALUES ('seed_ing_044', 'corn syrup (light)', 'corn syrup', 'Baking & Sweeteners', 'Baking add-in', 'GRAM', 1, 170, 'Medium', 'Medium', 'CUP', '', datetime('now'), datetime('now'));
INSERT INTO "Ingredient" (id, name, normalizedName, category, subcategory, costBasisUnit, estimatedCentsPerBasisUnit, gramsPerCup, conversionConfidence, costConfidence, preferredDisplayUnit, notes, createdAt, updatedAt) VALUES ('seed_ing_045', 'peanut butter', 'peanut butter', 'Baking & Sweeteners', 'Baking add-in', 'GRAM', 1, 170, 'Medium', 'Medium', 'CUP', '', datetime('now'), datetime('now'));
INSERT INTO "Ingredient" (id, name, normalizedName, category, subcategory, costBasisUnit, estimatedCentsPerBasisUnit, gramsPerCup, conversionConfidence, costConfidence, preferredDisplayUnit, notes, createdAt, updatedAt) VALUES ('seed_ing_046', 'walnuts (chopped)', 'walnuts', 'Baking & Sweeteners', 'Baking add-in', 'GRAM', 1, 170, 'Medium', 'Medium', 'CUP', '', datetime('now'), datetime('now'));
INSERT INTO "Ingredient" (id, name, normalizedName, category, subcategory, costBasisUnit, estimatedCentsPerBasisUnit, gramsPerCup, conversionConfidence, costConfidence, preferredDisplayUnit, notes, createdAt, updatedAt) VALUES ('seed_ing_047', 'pecans (chopped)', 'pecans', 'Baking & Sweeteners', 'Baking add-in', 'GRAM', 1, 170, 'Medium', 'Medium', 'CUP', '', datetime('now'), datetime('now'));
INSERT INTO "Ingredient" (id, name, normalizedName, category, subcategory, costBasisUnit, estimatedCentsPerBasisUnit, gramsPerCup, conversionConfidence, costConfidence, preferredDisplayUnit, notes, createdAt, updatedAt) VALUES ('seed_ing_048', 'almonds (sliced)', 'almonds', 'Baking & Sweeteners', 'Baking add-in', 'GRAM', 1, 170, 'Medium', 'Medium', 'CUP', '', datetime('now'), datetime('now'));
INSERT INTO "Ingredient" (id, name, normalizedName, category, subcategory, costBasisUnit, estimatedCentsPerBasisUnit, gramsPerCup, conversionConfidence, costConfidence, preferredDisplayUnit, notes, createdAt, updatedAt) VALUES ('seed_ing_049', 'peanuts (chopped)', 'peanuts', 'Baking & Sweeteners', 'Baking add-in', 'GRAM', 1, 170, 'Medium', 'Medium', 'CUP', '', datetime('now'), datetime('now'));
INSERT INTO "Ingredient" (id, name, normalizedName, category, subcategory, costBasisUnit, estimatedCentsPerBasisUnit, gramsPerCup, conversionConfidence, costConfidence, preferredDisplayUnit, notes, createdAt, updatedAt) VALUES ('seed_ing_050', 'cashews (chopped)', 'cashews', 'Baking & Sweeteners', 'Baking add-in', 'GRAM', 1, 170, 'Medium', 'Medium', 'CUP', '', datetime('now'), datetime('now'));
INSERT INTO "Ingredient" (id, name, normalizedName, category, subcategory, costBasisUnit, estimatedCentsPerBasisUnit, gramsPerCup, conversionConfidence, costConfidence, preferredDisplayUnit, notes, createdAt, updatedAt) VALUES ('seed_ing_051', 'pistachios (chopped)', 'pistachios', 'Baking & Sweeteners', 'Baking add-in', 'GRAM', 1, 170, 'Medium', 'Medium', 'CUP', '', datetime('now'), datetime('now'));
INSERT INTO "Ingredient" (id, name, normalizedName, category, subcategory, costBasisUnit, estimatedCentsPerBasisUnit, gramsPerCup, conversionConfidence, costConfidence, preferredDisplayUnit, notes, createdAt, updatedAt) VALUES ('seed_ing_052', 'hazelnuts (chopped)', 'hazelnuts', 'Baking & Sweeteners', 'Baking add-in', 'GRAM', 1, 170, 'Medium', 'Medium', 'CUP', '', datetime('now'), datetime('now'));
INSERT INTO "Ingredient" (id, name, normalizedName, category, subcategory, costBasisUnit, estimatedCentsPerBasisUnit, gramsPerCup, conversionConfidence, costConfidence, preferredDisplayUnit, notes, createdAt, updatedAt) VALUES ('seed_ing_053', 'sunflower seeds', 'sunflower seeds', 'Baking & Sweeteners', 'Baking add-in', 'GRAM', 1, 170, 'Medium', 'Medium', 'CUP', '', datetime('now'), datetime('now'));
INSERT INTO "Ingredient" (id, name, normalizedName, category, subcategory, costBasisUnit, estimatedCentsPerBasisUnit, gramsPerCup, conversionConfidence, costConfidence, preferredDisplayUnit, notes, createdAt, updatedAt) VALUES ('seed_ing_054', 'pumpkin seeds', 'pumpkin seeds', 'Baking & Sweeteners', 'Baking add-in', 'GRAM', 1, 170, 'Medium', 'Medium', 'CUP', '', datetime('now'), datetime('now'));
INSERT INTO "Ingredient" (id, name, normalizedName, category, subcategory, costBasisUnit, estimatedCentsPerBasisUnit, gramsPerCup, conversionConfidence, costConfidence, preferredDisplayUnit, notes, createdAt, updatedAt) VALUES ('seed_ing_055', 'chia seeds', 'chia seeds', 'Baking & Sweeteners', 'Baking add-in', 'GRAM', 1, 170, 'Medium', 'Medium', 'CUP', '', datetime('now'), datetime('now'));
INSERT INTO "Ingredient" (id, name, normalizedName, category, subcategory, costBasisUnit, estimatedCentsPerBasisUnit, gramsPerCup, conversionConfidence, costConfidence, preferredDisplayUnit, notes, createdAt, updatedAt) VALUES ('seed_ing_056', 'flaxseed (ground)', 'flaxseed', 'Baking & Sweeteners', 'Baking add-in', 'GRAM', 1, 170, 'Medium', 'Medium', 'CUP', '', datetime('now'), datetime('now'));
INSERT INTO "Ingredient" (id, name, normalizedName, category, subcategory, costBasisUnit, estimatedCentsPerBasisUnit, gramsPerCup, conversionConfidence, costConfidence, preferredDisplayUnit, notes, createdAt, updatedAt) VALUES ('seed_ing_057', 'baking cocoa mix', 'baking cocoa mix', 'Baking & Sweeteners', 'Baking add-in', 'GRAM', 1, 170, 'Medium', 'Medium', 'CUP', '', datetime('now'), datetime('now'));
INSERT INTO "Ingredient" (id, name, normalizedName, category, subcategory, costBasisUnit, estimatedCentsPerBasisUnit, gramsPerCup, conversionConfidence, costConfidence, preferredDisplayUnit, notes, createdAt, updatedAt) VALUES ('seed_ing_058', 'butterscotch chips', 'butterscotch chips', 'Baking & Sweeteners', 'Baking add-in', 'GRAM', 1, 170, 'Medium', 'Medium', 'CUP', '', datetime('now'), datetime('now'));
INSERT INTO "Ingredient" (id, name, normalizedName, category, subcategory, costBasisUnit, estimatedCentsPerBasisUnit, gramsPerCup, conversionConfidence, costConfidence, preferredDisplayUnit, notes, createdAt, updatedAt) VALUES ('seed_ing_059', 'toffee bits', 'toffee bits', 'Baking & Sweeteners', 'Baking add-in', 'GRAM', 1, 170, 'Medium', 'Medium', 'CUP', '', datetime('now'), datetime('now'));
INSERT INTO "Ingredient" (id, name, normalizedName, category, subcategory, costBasisUnit, estimatedCentsPerBasisUnit, gramsPerCup, conversionConfidence, costConfidence, preferredDisplayUnit, notes, createdAt, updatedAt) VALUES ('seed_ing_060', 'sprinkles', 'sprinkles', 'Baking & Sweeteners', 'Baking add-in', 'GRAM', 1, 170, 'Medium', 'Medium', 'CUP', '', datetime('now'), datetime('now'));
INSERT INTO "Ingredient" (id, name, normalizedName, category, subcategory, costBasisUnit, estimatedCentsPerBasisUnit, gramsPerCup, conversionConfidence, costConfidence, preferredDisplayUnit, notes, createdAt, updatedAt) VALUES ('seed_ing_061', 'marshmallows', 'marshmallows', 'Baking & Sweeteners', 'Baking add-in', 'GRAM', 1, 170, 'Medium', 'Medium', 'CUP', '', datetime('now'), datetime('now'));
INSERT INTO "Ingredient" (id, name, normalizedName, category, subcategory, costBasisUnit, estimatedCentsPerBasisUnit, gramsPerCup, conversionConfidence, costConfidence, preferredDisplayUnit, notes, createdAt, updatedAt) VALUES ('seed_ing_062', 'sweetened shredded coconut', 'sweetened shredded coconut', 'Baking & Sweeteners', 'Baking add-in', 'GRAM', 1, 170, 'Medium', 'Medium', 'CUP', '', datetime('now'), datetime('now'));
INSERT INTO "Ingredient" (id, name, normalizedName, category, subcategory, costBasisUnit, estimatedCentsPerBasisUnit, gramsPerCup, conversionConfidence, costConfidence, preferredDisplayUnit, notes, createdAt, updatedAt) VALUES ('seed_ing_063', 'unsweetened shredded coconut', 'unsweetened shredded coconut', 'Baking & Sweeteners', 'Baking add-in', 'GRAM', 1, 170, 'Medium', 'Medium', 'CUP', '', datetime('now'), datetime('now'));
INSERT INTO "Ingredient" (id, name, normalizedName, category, subcategory, costBasisUnit, estimatedCentsPerBasisUnit, gramsPerCup, conversionConfidence, costConfidence, preferredDisplayUnit, notes, createdAt, updatedAt) VALUES ('seed_ing_064', 'cream of tartar', 'cream of tartar', 'Baking & Sweeteners', 'Baking add-in', 'GRAM', 2, 170, 'Medium', 'Medium', 'CUP', '', datetime('now'), datetime('now'));
INSERT INTO "Ingredient" (id, name, normalizedName, category, subcategory, costBasisUnit, estimatedCentsPerBasisUnit, gramsPerCup, conversionConfidence, costConfidence, preferredDisplayUnit, notes, createdAt, updatedAt) VALUES ('seed_ing_065', 'food coloring', 'food coloring', 'Baking & Sweeteners', 'Baking add-in', 'GRAM', 1, 170, 'Medium', 'Medium', 'CUP', '', datetime('now'), datetime('now'));
INSERT INTO "Ingredient" (id, name, normalizedName, category, subcategory, costBasisUnit, estimatedCentsPerBasisUnit, gramsPerCup, conversionConfidence, costConfidence, preferredDisplayUnit, notes, createdAt, updatedAt) VALUES ('seed_ing_066', 'powdered gelatin (unflavored)', 'powdered gelatin', 'Baking & Sweeteners', 'Baking add-in', 'GRAM', 1, 170, 'Medium', 'Medium', 'TSP', '', datetime('now'), datetime('now'));
INSERT INTO "Ingredient" (id, name, normalizedName, category, subcategory, costBasisUnit, estimatedCentsPerBasisUnit, gramsPerCup, conversionConfidence, costConfidence, preferredDisplayUnit, notes, createdAt, updatedAt) VALUES ('seed_ing_067', 'pectin', 'pectin', 'Baking & Sweeteners', 'Baking add-in', 'GRAM', 1, 170, 'Medium', 'Medium', 'CUP', '', datetime('now'), datetime('now'));
INSERT INTO "Ingredient" (id, name, normalizedName, category, subcategory, costBasisUnit, estimatedCentsPerBasisUnit, gramsPerCup, conversionConfidence, costConfidence, preferredDisplayUnit, notes, createdAt, updatedAt) VALUES ('seed_ing_068', 'onion (chopped)', 'onion', 'Produce', 'Vegetable (chopped)', 'GRAM', 1, 150, 'Medium', 'Medium', 'CUP', '', datetime('now'), datetime('now'));
INSERT INTO "Ingredient" (id, name, normalizedName, category, subcategory, costBasisUnit, estimatedCentsPerBasisUnit, gramsPerCup, conversionConfidence, costConfidence, preferredDisplayUnit, notes, createdAt, updatedAt) VALUES ('seed_ing_069', 'red onion (chopped)', 'red onion', 'Produce', 'Vegetable (chopped)', 'GRAM', 1, 150, 'Medium', 'Medium', 'CUP', '', datetime('now'), datetime('now'));
INSERT INTO "Ingredient" (id, name, normalizedName, category, subcategory, costBasisUnit, estimatedCentsPerBasisUnit, gramsPerCup, conversionConfidence, costConfidence, preferredDisplayUnit, notes, createdAt, updatedAt) VALUES ('seed_ing_070', 'green onion (sliced)', 'green onion', 'Produce', 'Vegetable (chopped)', 'GRAM', 1, 150, 'Medium', 'Medium', 'CUP', '', datetime('now'), datetime('now'));
INSERT INTO "Ingredient" (id, name, normalizedName, category, subcategory, costBasisUnit, estimatedCentsPerBasisUnit, gramsPerCup, conversionConfidence, costConfidence, preferredDisplayUnit, notes, createdAt, updatedAt) VALUES ('seed_ing_071', 'shallot (chopped)', 'shallot', 'Produce', 'Vegetable (chopped)', 'GRAM', 1, 150, 'Medium', 'Medium', 'CUP', '', datetime('now'), datetime('now'));
INSERT INTO "Ingredient" (id, name, normalizedName, category, subcategory, costBasisUnit, estimatedCentsPerBasisUnit, gramsPerCup, conversionConfidence, costConfidence, preferredDisplayUnit, notes, createdAt, updatedAt) VALUES ('seed_ing_072', 'garlic (minced)', 'garlic', 'Produce', 'Vegetable (chopped)', 'GRAM', 1, 150, 'Medium', 'Medium', 'CUP', '', datetime('now'), datetime('now'));
INSERT INTO "Ingredient" (id, name, normalizedName, category, subcategory, costBasisUnit, estimatedCentsPerBasisUnit, gramsPerCup, conversionConfidence, costConfidence, preferredDisplayUnit, notes, createdAt, updatedAt) VALUES ('seed_ing_073', 'leek (sliced)', 'leek', 'Produce', 'Vegetable (chopped)', 'GRAM', 1, 150, 'Medium', 'Medium', 'CUP', '', datetime('now'), datetime('now'));
INSERT INTO "Ingredient" (id, name, normalizedName, category, subcategory, costBasisUnit, estimatedCentsPerBasisUnit, gramsPerCup, conversionConfidence, costConfidence, preferredDisplayUnit, notes, createdAt, updatedAt) VALUES ('seed_ing_074', 'carrot (chopped)', 'carrot', 'Produce', 'Vegetable (chopped)', 'GRAM', 1, 150, 'Medium', 'Medium', 'CUP', '', datetime('now'), datetime('now'));
INSERT INTO "Ingredient" (id, name, normalizedName, category, subcategory, costBasisUnit, estimatedCentsPerBasisUnit, gramsPerCup, conversionConfidence, costConfidence, preferredDisplayUnit, notes, createdAt, updatedAt) VALUES ('seed_ing_075', 'celery (chopped)', 'celery', 'Produce', 'Vegetable (chopped)', 'GRAM', 1, 150, 'Medium', 'Medium', 'CUP', '', datetime('now'), datetime('now'));
INSERT INTO "Ingredient" (id, name, normalizedName, category, subcategory, costBasisUnit, estimatedCentsPerBasisUnit, gramsPerCup, conversionConfidence, costConfidence, preferredDisplayUnit, notes, createdAt, updatedAt) VALUES ('seed_ing_076', 'bell pepper (chopped)', 'bell pepper', 'Produce', 'Vegetable (chopped)', 'GRAM', 1, 150, 'Medium', 'Medium', 'CUP', '', datetime('now'), datetime('now'));
INSERT INTO "Ingredient" (id, name, normalizedName, category, subcategory, costBasisUnit, estimatedCentsPerBasisUnit, gramsPerCup, conversionConfidence, costConfidence, preferredDisplayUnit, notes, createdAt, updatedAt) VALUES ('seed_ing_077', 'jalapeño (chopped)', 'jalape o', 'Produce', 'Vegetable (chopped)', 'GRAM', 1, 150, 'Medium', 'Medium', 'CUP', '', datetime('now'), datetime('now'));
INSERT INTO "Ingredient" (id, name, normalizedName, category, subcategory, costBasisUnit, estimatedCentsPerBasisUnit, gramsPerCup, conversionConfidence, costConfidence, preferredDisplayUnit, notes, createdAt, updatedAt) VALUES ('seed_ing_078', 'serrano pepper (chopped)', 'serrano pepper', 'Produce', 'Vegetable (chopped)', 'GRAM', 1, 150, 'Medium', 'Medium', 'CUP', '', datetime('now'), datetime('now'));
INSERT INTO "Ingredient" (id, name, normalizedName, category, subcategory, costBasisUnit, estimatedCentsPerBasisUnit, gramsPerCup, conversionConfidence, costConfidence, preferredDisplayUnit, notes, createdAt, updatedAt) VALUES ('seed_ing_079', 'poblano pepper (chopped)', 'poblano pepper', 'Produce', 'Vegetable (chopped)', 'GRAM', 1, 150, 'Medium', 'Medium', 'CUP', '', datetime('now'), datetime('now'));
INSERT INTO "Ingredient" (id, name, normalizedName, category, subcategory, costBasisUnit, estimatedCentsPerBasisUnit, gramsPerCup, conversionConfidence, costConfidence, preferredDisplayUnit, notes, createdAt, updatedAt) VALUES ('seed_ing_080', 'tomato (chopped)', 'tomato', 'Produce', 'Vegetable (chopped)', 'GRAM', 1, 150, 'Medium', 'Medium', 'CUP', '', datetime('now'), datetime('now'));
INSERT INTO "Ingredient" (id, name, normalizedName, category, subcategory, costBasisUnit, estimatedCentsPerBasisUnit, gramsPerCup, conversionConfidence, costConfidence, preferredDisplayUnit, notes, createdAt, updatedAt) VALUES ('seed_ing_081', 'cherry tomatoes', 'cherry tomatoes', 'Produce', 'Vegetable (chopped)', 'GRAM', 1, 150, 'Medium', 'Medium', 'CUP', '', datetime('now'), datetime('now'));
INSERT INTO "Ingredient" (id, name, normalizedName, category, subcategory, costBasisUnit, estimatedCentsPerBasisUnit, gramsPerCup, conversionConfidence, costConfidence, preferredDisplayUnit, notes, createdAt, updatedAt) VALUES ('seed_ing_082', 'cucumber (chopped)', 'cucumber', 'Produce', 'Vegetable (chopped)', 'GRAM', 1, 150, 'Medium', 'Medium', 'CUP', '', datetime('now'), datetime('now'));
INSERT INTO "Ingredient" (id, name, normalizedName, category, subcategory, costBasisUnit, estimatedCentsPerBasisUnit, gramsPerCup, conversionConfidence, costConfidence, preferredDisplayUnit, notes, createdAt, updatedAt) VALUES ('seed_ing_083', 'zucchini (chopped)', 'zucchini', 'Produce', 'Vegetable (chopped)', 'GRAM', 1, 150, 'Medium', 'Medium', 'CUP', '', datetime('now'), datetime('now'));
INSERT INTO "Ingredient" (id, name, normalizedName, category, subcategory, costBasisUnit, estimatedCentsPerBasisUnit, gramsPerCup, conversionConfidence, costConfidence, preferredDisplayUnit, notes, createdAt, updatedAt) VALUES ('seed_ing_084', 'yellow squash (chopped)', 'yellow squash', 'Produce', 'Vegetable (chopped)', 'GRAM', 1, 150, 'Medium', 'Medium', 'CUP', '', datetime('now'), datetime('now'));
INSERT INTO "Ingredient" (id, name, normalizedName, category, subcategory, costBasisUnit, estimatedCentsPerBasisUnit, gramsPerCup, conversionConfidence, costConfidence, preferredDisplayUnit, notes, createdAt, updatedAt) VALUES ('seed_ing_085', 'eggplant (chopped)', 'eggplant', 'Produce', 'Vegetable (chopped)', 'GRAM', 1, 150, 'Medium', 'Medium', 'CUP', '', datetime('now'), datetime('now'));
INSERT INTO "Ingredient" (id, name, normalizedName, category, subcategory, costBasisUnit, estimatedCentsPerBasisUnit, gramsPerCup, conversionConfidence, costConfidence, preferredDisplayUnit, notes, createdAt, updatedAt) VALUES ('seed_ing_086', 'broccoli (chopped)', 'broccoli', 'Produce', 'Vegetable (chopped)', 'GRAM', 1, 150, 'Medium', 'Medium', 'CUP', '', datetime('now'), datetime('now'));
INSERT INTO "Ingredient" (id, name, normalizedName, category, subcategory, costBasisUnit, estimatedCentsPerBasisUnit, gramsPerCup, conversionConfidence, costConfidence, preferredDisplayUnit, notes, createdAt, updatedAt) VALUES ('seed_ing_087', 'cauliflower (chopped)', 'cauliflower', 'Produce', 'Vegetable (chopped)', 'GRAM', 1, 150, 'Medium', 'Medium', 'CUP', '', datetime('now'), datetime('now'));
INSERT INTO "Ingredient" (id, name, normalizedName, category, subcategory, costBasisUnit, estimatedCentsPerBasisUnit, gramsPerCup, conversionConfidence, costConfidence, preferredDisplayUnit, notes, createdAt, updatedAt) VALUES ('seed_ing_088', 'cabbage (shredded)', 'cabbage', 'Produce', 'Vegetable (chopped)', 'GRAM', 1, 150, 'Medium', 'Medium', 'CUP', '', datetime('now'), datetime('now'));
INSERT INTO "Ingredient" (id, name, normalizedName, category, subcategory, costBasisUnit, estimatedCentsPerBasisUnit, gramsPerCup, conversionConfidence, costConfidence, preferredDisplayUnit, notes, createdAt, updatedAt) VALUES ('seed_ing_089', 'brussels sprouts (halved)', 'brussels sprouts', 'Produce', 'Vegetable (chopped)', 'GRAM', 1, 150, 'Medium', 'Medium', 'CUP', '', datetime('now'), datetime('now'));
INSERT INTO "Ingredient" (id, name, normalizedName, category, subcategory, costBasisUnit, estimatedCentsPerBasisUnit, gramsPerCup, conversionConfidence, costConfidence, preferredDisplayUnit, notes, createdAt, updatedAt) VALUES ('seed_ing_090', 'green beans (chopped)', 'green beans', 'Produce', 'Vegetable (chopped)', 'GRAM', 1, 150, 'Medium', 'Medium', 'CUP', '', datetime('now'), datetime('now'));
INSERT INTO "Ingredient" (id, name, normalizedName, category, subcategory, costBasisUnit, estimatedCentsPerBasisUnit, gramsPerCup, conversionConfidence, costConfidence, preferredDisplayUnit, notes, createdAt, updatedAt) VALUES ('seed_ing_091', 'asparagus (chopped)', 'asparagus', 'Produce', 'Vegetable (chopped)', 'GRAM', 1, 150, 'Medium', 'Medium', 'CUP', '', datetime('now'), datetime('now'));
INSERT INTO "Ingredient" (id, name, normalizedName, category, subcategory, costBasisUnit, estimatedCentsPerBasisUnit, gramsPerCup, conversionConfidence, costConfidence, preferredDisplayUnit, notes, createdAt, updatedAt) VALUES ('seed_ing_092', 'mushrooms (sliced)', 'mushrooms', 'Produce', 'Vegetable (chopped)', 'GRAM', 1, 150, 'Medium', 'Medium', 'CUP', '', datetime('now'), datetime('now'));
INSERT INTO "Ingredient" (id, name, normalizedName, category, subcategory, costBasisUnit, estimatedCentsPerBasisUnit, gramsPerCup, conversionConfidence, costConfidence, preferredDisplayUnit, notes, createdAt, updatedAt) VALUES ('seed_ing_093', 'sweet potato (cubed)', 'sweet potato', 'Produce', 'Vegetable (chopped)', 'GRAM', 1, 150, 'Medium', 'Medium', 'CUP', '', datetime('now'), datetime('now'));
INSERT INTO "Ingredient" (id, name, normalizedName, category, subcategory, costBasisUnit, estimatedCentsPerBasisUnit, gramsPerCup, conversionConfidence, costConfidence, preferredDisplayUnit, notes, createdAt, updatedAt) VALUES ('seed_ing_094', 'potato (cubed)', 'potato', 'Produce', 'Vegetable (chopped)', 'GRAM', 1, 150, 'Medium', 'Medium', 'CUP', '', datetime('now'), datetime('now'));
INSERT INTO "Ingredient" (id, name, normalizedName, category, subcategory, costBasisUnit, estimatedCentsPerBasisUnit, gramsPerCup, conversionConfidence, costConfidence, preferredDisplayUnit, notes, createdAt, updatedAt) VALUES ('seed_ing_095', 'corn kernels', 'corn kernels', 'Produce', 'Vegetable (chopped)', 'GRAM', 1, 150, 'Medium', 'Medium', 'CUP', '', datetime('now'), datetime('now'));
INSERT INTO "Ingredient" (id, name, normalizedName, category, subcategory, costBasisUnit, estimatedCentsPerBasisUnit, gramsPerCup, conversionConfidence, costConfidence, preferredDisplayUnit, notes, createdAt, updatedAt) VALUES ('seed_ing_096', 'peas (frozen)', 'peas', 'Produce', 'Vegetable (chopped)', 'GRAM', 1, 150, 'Medium', 'Medium', 'CUP', '', datetime('now'), datetime('now'));
INSERT INTO "Ingredient" (id, name, normalizedName, category, subcategory, costBasisUnit, estimatedCentsPerBasisUnit, gramsPerCup, conversionConfidence, costConfidence, preferredDisplayUnit, notes, createdAt, updatedAt) VALUES ('seed_ing_097', 'butternut squash (cubed)', 'butternut squash', 'Produce', 'Vegetable (chopped)', 'GRAM', 1, 150, 'Medium', 'Medium', 'TBSP', '', datetime('now'), datetime('now'));
INSERT INTO "Ingredient" (id, name, normalizedName, category, subcategory, costBasisUnit, estimatedCentsPerBasisUnit, gramsPerCup, conversionConfidence, costConfidence, preferredDisplayUnit, notes, createdAt, updatedAt) VALUES ('seed_ing_098', 'pumpkin (puree)', 'pumpkin', 'Produce', 'Vegetable (chopped)', 'GRAM', 1, 150, 'Medium', 'Medium', 'CUP', '', datetime('now'), datetime('now'));
INSERT INTO "Ingredient" (id, name, normalizedName, category, subcategory, costBasisUnit, estimatedCentsPerBasisUnit, gramsPerCup, conversionConfidence, costConfidence, preferredDisplayUnit, notes, createdAt, updatedAt) VALUES ('seed_ing_099', 'tomatillo (chopped)', 'tomatillo', 'Produce', 'Vegetable (chopped)', 'GRAM', 1, 150, 'Medium', 'Medium', 'CUP', '', datetime('now'), datetime('now'));
INSERT INTO "Ingredient" (id, name, normalizedName, category, subcategory, costBasisUnit, estimatedCentsPerBasisUnit, gramsPerCup, conversionConfidence, costConfidence, preferredDisplayUnit, notes, createdAt, updatedAt) VALUES ('seed_ing_100', 'okra (sliced)', 'okra', 'Produce', 'Vegetable (chopped)', 'GRAM', 1, 150, 'Medium', 'Medium', 'CUP', '', datetime('now'), datetime('now'));
INSERT INTO "Ingredient" (id, name, normalizedName, category, subcategory, costBasisUnit, estimatedCentsPerBasisUnit, gramsPerCup, conversionConfidence, costConfidence, preferredDisplayUnit, notes, createdAt, updatedAt) VALUES ('seed_ing_101', 'artichoke hearts', 'artichoke hearts', 'Produce', 'Vegetable (chopped)', 'GRAM', 1, 150, 'Medium', 'Medium', 'CUP', '', datetime('now'), datetime('now'));
INSERT INTO "Ingredient" (id, name, normalizedName, category, subcategory, costBasisUnit, estimatedCentsPerBasisUnit, gramsPerCup, conversionConfidence, costConfidence, preferredDisplayUnit, notes, createdAt, updatedAt) VALUES ('seed_ing_102', 'fennel (sliced)', 'fennel', 'Produce', 'Vegetable (chopped)', 'GRAM', 1, 150, 'Medium', 'Medium', 'CUP', '', datetime('now'), datetime('now'));
INSERT INTO "Ingredient" (id, name, normalizedName, category, subcategory, costBasisUnit, estimatedCentsPerBasisUnit, gramsPerCup, conversionConfidence, costConfidence, preferredDisplayUnit, notes, createdAt, updatedAt) VALUES ('seed_ing_103', 'beet (cubed)', 'beet', 'Produce', 'Vegetable (chopped)', 'GRAM', 1, 150, 'Medium', 'Medium', 'CUP', '', datetime('now'), datetime('now'));
INSERT INTO "Ingredient" (id, name, normalizedName, category, subcategory, costBasisUnit, estimatedCentsPerBasisUnit, gramsPerCup, conversionConfidence, costConfidence, preferredDisplayUnit, notes, createdAt, updatedAt) VALUES ('seed_ing_104', 'radish (sliced)', 'radish', 'Produce', 'Vegetable (chopped)', 'GRAM', 1, 150, 'Medium', 'Medium', 'CUP', '', datetime('now'), datetime('now'));
INSERT INTO "Ingredient" (id, name, normalizedName, category, subcategory, costBasisUnit, estimatedCentsPerBasisUnit, gramsPerCup, conversionConfidence, costConfidence, preferredDisplayUnit, notes, createdAt, updatedAt) VALUES ('seed_ing_105', 'turnip (cubed)', 'turnip', 'Produce', 'Vegetable (chopped)', 'GRAM', 1, 150, 'Medium', 'Medium', 'CUP', '', datetime('now'), datetime('now'));
INSERT INTO "Ingredient" (id, name, normalizedName, category, subcategory, costBasisUnit, estimatedCentsPerBasisUnit, gramsPerCup, conversionConfidence, costConfidence, preferredDisplayUnit, notes, createdAt, updatedAt) VALUES ('seed_ing_106', 'parsnip (cubed)', 'parsnip', 'Produce', 'Vegetable (chopped)', 'GRAM', 1, 150, 'Medium', 'Medium', 'CUP', '', datetime('now'), datetime('now'));
INSERT INTO "Ingredient" (id, name, normalizedName, category, subcategory, costBasisUnit, estimatedCentsPerBasisUnit, gramsPerCup, conversionConfidence, costConfidence, preferredDisplayUnit, notes, createdAt, updatedAt) VALUES ('seed_ing_107', 'ginger (fresh, minced)', 'ginger', 'Produce', 'Vegetable (chopped)', 'GRAM', 1, 150, 'Medium', 'Medium', 'CUP', '', datetime('now'), datetime('now'));
INSERT INTO "Ingredient" (id, name, normalizedName, category, subcategory, costBasisUnit, estimatedCentsPerBasisUnit, gramsPerCup, conversionConfidence, costConfidence, preferredDisplayUnit, notes, createdAt, updatedAt) VALUES ('seed_ing_108', 'spinach (raw)', 'spinach', 'Produce', 'Leafy green (raw)', 'GRAM', 2, 30, 'Medium', 'Medium', 'CUP', '', datetime('now'), datetime('now'));
INSERT INTO "Ingredient" (id, name, normalizedName, category, subcategory, costBasisUnit, estimatedCentsPerBasisUnit, gramsPerCup, conversionConfidence, costConfidence, preferredDisplayUnit, notes, createdAt, updatedAt) VALUES ('seed_ing_109', 'kale (chopped)', 'kale', 'Produce', 'Leafy green (raw)', 'GRAM', 2, 30, 'Medium', 'Medium', 'CUP', '', datetime('now'), datetime('now'));
INSERT INTO "Ingredient" (id, name, normalizedName, category, subcategory, costBasisUnit, estimatedCentsPerBasisUnit, gramsPerCup, conversionConfidence, costConfidence, preferredDisplayUnit, notes, createdAt, updatedAt) VALUES ('seed_ing_110', 'romaine lettuce (chopped)', 'romaine lettuce', 'Produce', 'Leafy green (raw)', 'GRAM', 2, 30, 'Medium', 'Medium', 'CUP', '', datetime('now'), datetime('now'));
INSERT INTO "Ingredient" (id, name, normalizedName, category, subcategory, costBasisUnit, estimatedCentsPerBasisUnit, gramsPerCup, conversionConfidence, costConfidence, preferredDisplayUnit, notes, createdAt, updatedAt) VALUES ('seed_ing_111', 'iceberg lettuce (chopped)', 'iceberg lettuce', 'Produce', 'Leafy green (raw)', 'GRAM', 2, 30, 'Medium', 'Medium', 'CUP', '', datetime('now'), datetime('now'));
INSERT INTO "Ingredient" (id, name, normalizedName, category, subcategory, costBasisUnit, estimatedCentsPerBasisUnit, gramsPerCup, conversionConfidence, costConfidence, preferredDisplayUnit, notes, createdAt, updatedAt) VALUES ('seed_ing_112', 'arugula', 'arugula', 'Produce', 'Leafy green (raw)', 'GRAM', 2, 30, 'Medium', 'Medium', 'CUP', '', datetime('now'), datetime('now'));
INSERT INTO "Ingredient" (id, name, normalizedName, category, subcategory, costBasisUnit, estimatedCentsPerBasisUnit, gramsPerCup, conversionConfidence, costConfidence, preferredDisplayUnit, notes, createdAt, updatedAt) VALUES ('seed_ing_113', 'swiss chard (chopped)', 'swiss chard', 'Produce', 'Leafy green (raw)', 'GRAM', 2, 30, 'Medium', 'Medium', 'CUP', '', datetime('now'), datetime('now'));
INSERT INTO "Ingredient" (id, name, normalizedName, category, subcategory, costBasisUnit, estimatedCentsPerBasisUnit, gramsPerCup, conversionConfidence, costConfidence, preferredDisplayUnit, notes, createdAt, updatedAt) VALUES ('seed_ing_114', 'collard greens (chopped)', 'collard greens', 'Produce', 'Leafy green (raw)', 'GRAM', 2, 30, 'Medium', 'Medium', 'CUP', '', datetime('now'), datetime('now'));
INSERT INTO "Ingredient" (id, name, normalizedName, category, subcategory, costBasisUnit, estimatedCentsPerBasisUnit, gramsPerCup, conversionConfidence, costConfidence, preferredDisplayUnit, notes, createdAt, updatedAt) VALUES ('seed_ing_115', 'cilantro (chopped)', 'cilantro', 'Produce', 'Leafy green (raw)', 'GRAM', 2, 20, 'Medium', 'Medium', 'CUP', 'Fresh herb; cost varies a lot by bunch size.', datetime('now'), datetime('now'));
INSERT INTO "Ingredient" (id, name, normalizedName, category, subcategory, costBasisUnit, estimatedCentsPerBasisUnit, gramsPerCup, conversionConfidence, costConfidence, preferredDisplayUnit, notes, createdAt, updatedAt) VALUES ('seed_ing_116', 'parsley (chopped)', 'parsley', 'Produce', 'Leafy green (raw)', 'GRAM', 2, 20, 'Medium', 'Medium', 'CUP', 'Fresh herb; cost varies a lot by bunch size.', datetime('now'), datetime('now'));
INSERT INTO "Ingredient" (id, name, normalizedName, category, subcategory, costBasisUnit, estimatedCentsPerBasisUnit, gramsPerCup, conversionConfidence, costConfidence, preferredDisplayUnit, notes, createdAt, updatedAt) VALUES ('seed_ing_117', 'basil (chopped)', 'basil', 'Produce', 'Leafy green (raw)', 'GRAM', 2, 20, 'Medium', 'Medium', 'CUP', 'Fresh herb; cost varies a lot by bunch size.', datetime('now'), datetime('now'));
INSERT INTO "Ingredient" (id, name, normalizedName, category, subcategory, costBasisUnit, estimatedCentsPerBasisUnit, gramsPerCup, conversionConfidence, costConfidence, preferredDisplayUnit, notes, createdAt, updatedAt) VALUES ('seed_ing_118', 'mint (chopped)', 'mint', 'Produce', 'Leafy green (raw)', 'GRAM', 2, 20, 'Medium', 'Medium', 'CUP', 'Fresh herb; cost varies a lot by bunch size.', datetime('now'), datetime('now'));
INSERT INTO "Ingredient" (id, name, normalizedName, category, subcategory, costBasisUnit, estimatedCentsPerBasisUnit, gramsPerCup, conversionConfidence, costConfidence, preferredDisplayUnit, notes, createdAt, updatedAt) VALUES ('seed_ing_119', 'dill (chopped)', 'dill', 'Produce', 'Leafy green (raw)', 'GRAM', 2, 20, 'Medium', 'Medium', 'CUP', 'Fresh herb; cost varies a lot by bunch size.', datetime('now'), datetime('now'));
INSERT INTO "Ingredient" (id, name, normalizedName, category, subcategory, costBasisUnit, estimatedCentsPerBasisUnit, gramsPerCup, conversionConfidence, costConfidence, preferredDisplayUnit, notes, createdAt, updatedAt) VALUES ('seed_ing_120', 'apple (chopped)', 'apple', 'Produce', 'Fruit (chopped)', 'GRAM', 1, 150, 'Medium', 'Medium', 'CUP', '', datetime('now'), datetime('now'));
INSERT INTO "Ingredient" (id, name, normalizedName, category, subcategory, costBasisUnit, estimatedCentsPerBasisUnit, gramsPerCup, conversionConfidence, costConfidence, preferredDisplayUnit, notes, createdAt, updatedAt) VALUES ('seed_ing_121', 'banana (mashed)', 'banana', 'Produce', 'Fruit (chopped)', 'GRAM', 1, 150, 'Medium', 'Medium', 'CUP', '', datetime('now'), datetime('now'));
INSERT INTO "Ingredient" (id, name, normalizedName, category, subcategory, costBasisUnit, estimatedCentsPerBasisUnit, gramsPerCup, conversionConfidence, costConfidence, preferredDisplayUnit, notes, createdAt, updatedAt) VALUES ('seed_ing_122', 'orange segments', 'orange segments', 'Produce', 'Fruit (chopped)', 'GRAM', 1, 150, 'Medium', 'Medium', 'CUP', '', datetime('now'), datetime('now'));
INSERT INTO "Ingredient" (id, name, normalizedName, category, subcategory, costBasisUnit, estimatedCentsPerBasisUnit, gramsPerCup, conversionConfidence, costConfidence, preferredDisplayUnit, notes, createdAt, updatedAt) VALUES ('seed_ing_123', 'lemon juice', 'lemon juice', 'Produce', 'Fruit (chopped)', 'GRAM', 1, 150, 'Medium', 'Medium', 'CUP', '', datetime('now'), datetime('now'));
INSERT INTO "Ingredient" (id, name, normalizedName, category, subcategory, costBasisUnit, estimatedCentsPerBasisUnit, gramsPerCup, conversionConfidence, costConfidence, preferredDisplayUnit, notes, createdAt, updatedAt) VALUES ('seed_ing_124', 'lime juice', 'lime juice', 'Produce', 'Fruit (chopped)', 'GRAM', 1, 150, 'Medium', 'Medium', 'CUP', '', datetime('now'), datetime('now'));
INSERT INTO "Ingredient" (id, name, normalizedName, category, subcategory, costBasisUnit, estimatedCentsPerBasisUnit, gramsPerCup, conversionConfidence, costConfidence, preferredDisplayUnit, notes, createdAt, updatedAt) VALUES ('seed_ing_125', 'grapes', 'grapes', 'Produce', 'Fruit (chopped)', 'GRAM', 1, 150, 'Medium', 'Medium', 'CUP', '', datetime('now'), datetime('now'));
INSERT INTO "Ingredient" (id, name, normalizedName, category, subcategory, costBasisUnit, estimatedCentsPerBasisUnit, gramsPerCup, conversionConfidence, costConfidence, preferredDisplayUnit, notes, createdAt, updatedAt) VALUES ('seed_ing_126', 'strawberries (sliced)', 'strawberries', 'Produce', 'Fruit (chopped)', 'GRAM', 1, 150, 'Medium', 'Medium', 'CUP', '', datetime('now'), datetime('now'));
INSERT INTO "Ingredient" (id, name, normalizedName, category, subcategory, costBasisUnit, estimatedCentsPerBasisUnit, gramsPerCup, conversionConfidence, costConfidence, preferredDisplayUnit, notes, createdAt, updatedAt) VALUES ('seed_ing_127', 'blueberries', 'blueberries', 'Produce', 'Fruit (chopped)', 'GRAM', 1, 150, 'Medium', 'Medium', 'CUP', '', datetime('now'), datetime('now'));
INSERT INTO "Ingredient" (id, name, normalizedName, category, subcategory, costBasisUnit, estimatedCentsPerBasisUnit, gramsPerCup, conversionConfidence, costConfidence, preferredDisplayUnit, notes, createdAt, updatedAt) VALUES ('seed_ing_128', 'raspberries', 'raspberries', 'Produce', 'Fruit (chopped)', 'GRAM', 1, 150, 'Medium', 'Medium', 'CUP', '', datetime('now'), datetime('now'));
INSERT INTO "Ingredient" (id, name, normalizedName, category, subcategory, costBasisUnit, estimatedCentsPerBasisUnit, gramsPerCup, conversionConfidence, costConfidence, preferredDisplayUnit, notes, createdAt, updatedAt) VALUES ('seed_ing_129', 'blackberries', 'blackberries', 'Produce', 'Fruit (chopped)', 'GRAM', 1, 150, 'Medium', 'Medium', 'CUP', '', datetime('now'), datetime('now'));
INSERT INTO "Ingredient" (id, name, normalizedName, category, subcategory, costBasisUnit, estimatedCentsPerBasisUnit, gramsPerCup, conversionConfidence, costConfidence, preferredDisplayUnit, notes, createdAt, updatedAt) VALUES ('seed_ing_130', 'pineapple (chunks)', 'pineapple', 'Produce', 'Fruit (chopped)', 'GRAM', 1, 150, 'Medium', 'Medium', 'CUP', '', datetime('now'), datetime('now'));
INSERT INTO "Ingredient" (id, name, normalizedName, category, subcategory, costBasisUnit, estimatedCentsPerBasisUnit, gramsPerCup, conversionConfidence, costConfidence, preferredDisplayUnit, notes, createdAt, updatedAt) VALUES ('seed_ing_131', 'mango (chunks)', 'mango', 'Produce', 'Fruit (chopped)', 'GRAM', 1, 150, 'Medium', 'Medium', 'CUP', '', datetime('now'), datetime('now'));
INSERT INTO "Ingredient" (id, name, normalizedName, category, subcategory, costBasisUnit, estimatedCentsPerBasisUnit, gramsPerCup, conversionConfidence, costConfidence, preferredDisplayUnit, notes, createdAt, updatedAt) VALUES ('seed_ing_132', 'peach (sliced)', 'peach', 'Produce', 'Fruit (chopped)', 'GRAM', 1, 150, 'Medium', 'Medium', 'CUP', '', datetime('now'), datetime('now'));
INSERT INTO "Ingredient" (id, name, normalizedName, category, subcategory, costBasisUnit, estimatedCentsPerBasisUnit, gramsPerCup, conversionConfidence, costConfidence, preferredDisplayUnit, notes, createdAt, updatedAt) VALUES ('seed_ing_133', 'pear (chopped)', 'pear', 'Produce', 'Fruit (chopped)', 'GRAM', 1, 150, 'Medium', 'Medium', 'CUP', '', datetime('now'), datetime('now'));
INSERT INTO "Ingredient" (id, name, normalizedName, category, subcategory, costBasisUnit, estimatedCentsPerBasisUnit, gramsPerCup, conversionConfidence, costConfidence, preferredDisplayUnit, notes, createdAt, updatedAt) VALUES ('seed_ing_134', 'cherries', 'cherries', 'Produce', 'Fruit (chopped)', 'GRAM', 1, 150, 'Medium', 'Medium', 'CUP', '', datetime('now'), datetime('now'));
INSERT INTO "Ingredient" (id, name, normalizedName, category, subcategory, costBasisUnit, estimatedCentsPerBasisUnit, gramsPerCup, conversionConfidence, costConfidence, preferredDisplayUnit, notes, createdAt, updatedAt) VALUES ('seed_ing_135', 'cranberries', 'cranberries', 'Produce', 'Fruit (chopped)', 'GRAM', 1, 150, 'Medium', 'Medium', 'CUP', '', datetime('now'), datetime('now'));
INSERT INTO "Ingredient" (id, name, normalizedName, category, subcategory, costBasisUnit, estimatedCentsPerBasisUnit, gramsPerCup, conversionConfidence, costConfidence, preferredDisplayUnit, notes, createdAt, updatedAt) VALUES ('seed_ing_136', 'watermelon (chunks)', 'watermelon', 'Produce', 'Fruit (chopped)', 'GRAM', 1, 150, 'Medium', 'Medium', 'CUP', '', datetime('now'), datetime('now'));
INSERT INTO "Ingredient" (id, name, normalizedName, category, subcategory, costBasisUnit, estimatedCentsPerBasisUnit, gramsPerCup, conversionConfidence, costConfidence, preferredDisplayUnit, notes, createdAt, updatedAt) VALUES ('seed_ing_137', 'avocado (diced)', 'avocado', 'Produce', 'Fruit (chopped)', 'GRAM', 1, 150, 'Medium', 'Medium', 'CUP', '', datetime('now'), datetime('now'));
INSERT INTO "Ingredient" (id, name, normalizedName, category, subcategory, costBasisUnit, estimatedCentsPerBasisUnit, gramsPerCup, conversionConfidence, costConfidence, preferredDisplayUnit, notes, createdAt, updatedAt) VALUES ('seed_ing_138', 'bok choy (chopped)', 'bok choy', 'Produce', 'Vegetable (chopped)', 'GRAM', 1, 150, 'Medium', 'Medium', 'CUP', '', datetime('now'), datetime('now'));
INSERT INTO "Ingredient" (id, name, normalizedName, category, subcategory, costBasisUnit, estimatedCentsPerBasisUnit, gramsPerCup, conversionConfidence, costConfidence, preferredDisplayUnit, notes, createdAt, updatedAt) VALUES ('seed_ing_139', 'napa cabbage (shredded)', 'napa cabbage', 'Produce', 'Vegetable (chopped)', 'GRAM', 1, 150, 'Medium', 'Medium', 'CUP', '', datetime('now'), datetime('now'));
INSERT INTO "Ingredient" (id, name, normalizedName, category, subcategory, costBasisUnit, estimatedCentsPerBasisUnit, gramsPerCup, conversionConfidence, costConfidence, preferredDisplayUnit, notes, createdAt, updatedAt) VALUES ('seed_ing_140', 'snow peas', 'snow peas', 'Produce', 'Vegetable (chopped)', 'GRAM', 1, 150, 'Medium', 'Medium', 'CUP', '', datetime('now'), datetime('now'));
INSERT INTO "Ingredient" (id, name, normalizedName, category, subcategory, costBasisUnit, estimatedCentsPerBasisUnit, gramsPerCup, conversionConfidence, costConfidence, preferredDisplayUnit, notes, createdAt, updatedAt) VALUES ('seed_ing_141', 'sugar snap peas', 'sugar snap peas', 'Produce', 'Vegetable (chopped)', 'GRAM', 1, 150, 'Medium', 'Medium', 'CUP', '', datetime('now'), datetime('now'));
INSERT INTO "Ingredient" (id, name, normalizedName, category, subcategory, costBasisUnit, estimatedCentsPerBasisUnit, gramsPerCup, conversionConfidence, costConfidence, preferredDisplayUnit, notes, createdAt, updatedAt) VALUES ('seed_ing_142', 'bean sprouts', 'bean sprouts', 'Produce', 'Vegetable (chopped)', 'GRAM', 1, 150, 'Medium', 'Medium', 'CUP', '', datetime('now'), datetime('now'));
INSERT INTO "Ingredient" (id, name, normalizedName, category, subcategory, costBasisUnit, estimatedCentsPerBasisUnit, gramsPerCup, conversionConfidence, costConfidence, preferredDisplayUnit, notes, createdAt, updatedAt) VALUES ('seed_ing_143', 'water chestnuts (sliced)', 'water chestnuts', 'Produce', 'Vegetable (chopped)', 'GRAM', 1, 150, 'Medium', 'Medium', 'CUP', '', datetime('now'), datetime('now'));
INSERT INTO "Ingredient" (id, name, normalizedName, category, subcategory, costBasisUnit, estimatedCentsPerBasisUnit, gramsPerCup, conversionConfidence, costConfidence, preferredDisplayUnit, notes, createdAt, updatedAt) VALUES ('seed_ing_144', 'bamboo shoots (sliced)', 'bamboo shoots', 'Produce', 'Vegetable (chopped)', 'GRAM', 1, 150, 'Medium', 'Medium', 'CUP', '', datetime('now'), datetime('now'));
INSERT INTO "Ingredient" (id, name, normalizedName, category, subcategory, costBasisUnit, estimatedCentsPerBasisUnit, gramsPerCup, conversionConfidence, costConfidence, preferredDisplayUnit, notes, createdAt, updatedAt) VALUES ('seed_ing_145', 'kohlrabi (cubed)', 'kohlrabi', 'Produce', 'Vegetable (chopped)', 'GRAM', 1, 150, 'Medium', 'Medium', 'CUP', '', datetime('now'), datetime('now'));
INSERT INTO "Ingredient" (id, name, normalizedName, category, subcategory, costBasisUnit, estimatedCentsPerBasisUnit, gramsPerCup, conversionConfidence, costConfidence, preferredDisplayUnit, notes, createdAt, updatedAt) VALUES ('seed_ing_146', 'rutabaga (cubed)', 'rutabaga', 'Produce', 'Vegetable (chopped)', 'GRAM', 1, 150, 'Medium', 'Medium', 'CUP', '', datetime('now'), datetime('now'));
INSERT INTO "Ingredient" (id, name, normalizedName, category, subcategory, costBasisUnit, estimatedCentsPerBasisUnit, gramsPerCup, conversionConfidence, costConfidence, preferredDisplayUnit, notes, createdAt, updatedAt) VALUES ('seed_ing_147', 'daikon (sliced)', 'daikon', 'Produce', 'Vegetable (chopped)', 'GRAM', 1, 150, 'Medium', 'Medium', 'CUP', '', datetime('now'), datetime('now'));
INSERT INTO "Ingredient" (id, name, normalizedName, category, subcategory, costBasisUnit, estimatedCentsPerBasisUnit, gramsPerCup, conversionConfidence, costConfidence, preferredDisplayUnit, notes, createdAt, updatedAt) VALUES ('seed_ing_148', 'zucchini noodles', 'zucchini noodles', 'Produce', 'Vegetable (chopped)', 'GRAM', 1, 150, 'Medium', 'Medium', 'CUP', '', datetime('now'), datetime('now'));
INSERT INTO "Ingredient" (id, name, normalizedName, category, subcategory, costBasisUnit, estimatedCentsPerBasisUnit, gramsPerCup, conversionConfidence, costConfidence, preferredDisplayUnit, notes, createdAt, updatedAt) VALUES ('seed_ing_149', 'spaghetti squash (shredded)', 'spaghetti squash', 'Produce', 'Vegetable (chopped)', 'GRAM', 1, 150, 'Medium', 'Medium', 'CUP', '', datetime('now'), datetime('now'));
INSERT INTO "Ingredient" (id, name, normalizedName, category, subcategory, costBasisUnit, estimatedCentsPerBasisUnit, gramsPerCup, conversionConfidence, costConfidence, preferredDisplayUnit, notes, createdAt, updatedAt) VALUES ('seed_ing_150', 'acorn squash (cubed)', 'acorn squash', 'Produce', 'Vegetable (chopped)', 'GRAM', 1, 150, 'Medium', 'Medium', 'CUP', '', datetime('now'), datetime('now'));
INSERT INTO "Ingredient" (id, name, normalizedName, category, subcategory, costBasisUnit, estimatedCentsPerBasisUnit, gramsPerCup, conversionConfidence, costConfidence, preferredDisplayUnit, notes, createdAt, updatedAt) VALUES ('seed_ing_151', 'celeriac (cubed)', 'celeriac', 'Produce', 'Vegetable (chopped)', 'GRAM', 1, 150, 'Medium', 'Medium', 'CUP', '', datetime('now'), datetime('now'));
INSERT INTO "Ingredient" (id, name, normalizedName, category, subcategory, costBasisUnit, estimatedCentsPerBasisUnit, gramsPerCup, conversionConfidence, costConfidence, preferredDisplayUnit, notes, createdAt, updatedAt) VALUES ('seed_ing_152', 'plantain (sliced)', 'plantain', 'Produce', 'Vegetable (chopped)', 'GRAM', 1, 150, 'Medium', 'Medium', 'CUP', '', datetime('now'), datetime('now'));
INSERT INTO "Ingredient" (id, name, normalizedName, category, subcategory, costBasisUnit, estimatedCentsPerBasisUnit, gramsPerCup, conversionConfidence, costConfidence, preferredDisplayUnit, notes, createdAt, updatedAt) VALUES ('seed_ing_153', 'jicama (cubed)', 'jicama', 'Produce', 'Vegetable (chopped)', 'GRAM', 1, 150, 'Medium', 'Medium', 'CUP', '', datetime('now'), datetime('now'));
INSERT INTO "Ingredient" (id, name, normalizedName, category, subcategory, costBasisUnit, estimatedCentsPerBasisUnit, gramsPerCup, conversionConfidence, costConfidence, preferredDisplayUnit, notes, createdAt, updatedAt) VALUES ('seed_ing_154', 'hearts of palm (sliced)', 'hearts of palm', 'Produce', 'Vegetable (chopped)', 'GRAM', 1, 150, 'Medium', 'Medium', 'CUP', '', datetime('now'), datetime('now'));
INSERT INTO "Ingredient" (id, name, normalizedName, category, subcategory, costBasisUnit, estimatedCentsPerBasisUnit, gramsPerCup, conversionConfidence, costConfidence, preferredDisplayUnit, notes, createdAt, updatedAt) VALUES ('seed_ing_155', 'sun-dried tomatoes (chopped)', 'sun dried tomatoes', 'Produce', 'Vegetable (chopped)', 'GRAM', 1, 150, 'Medium', 'Medium', 'CUP', '', datetime('now'), datetime('now'));
INSERT INTO "Ingredient" (id, name, normalizedName, category, subcategory, costBasisUnit, estimatedCentsPerBasisUnit, gramsPerCup, conversionConfidence, costConfidence, preferredDisplayUnit, notes, createdAt, updatedAt) VALUES ('seed_ing_156', 'baby spinach (raw)', 'baby spinach', 'Produce', 'Leafy green (raw)', 'GRAM', 2, 30, 'Medium', 'Medium', 'CUP', '', datetime('now'), datetime('now'));
INSERT INTO "Ingredient" (id, name, normalizedName, category, subcategory, costBasisUnit, estimatedCentsPerBasisUnit, gramsPerCup, conversionConfidence, costConfidence, preferredDisplayUnit, notes, createdAt, updatedAt) VALUES ('seed_ing_157', 'spring mix (raw)', 'spring mix', 'Produce', 'Leafy green (raw)', 'GRAM', 2, 30, 'Medium', 'Medium', 'CUP', '', datetime('now'), datetime('now'));
INSERT INTO "Ingredient" (id, name, normalizedName, category, subcategory, costBasisUnit, estimatedCentsPerBasisUnit, gramsPerCup, conversionConfidence, costConfidence, preferredDisplayUnit, notes, createdAt, updatedAt) VALUES ('seed_ing_158', 'endive (chopped)', 'endive', 'Produce', 'Leafy green (raw)', 'GRAM', 2, 30, 'Medium', 'Medium', 'CUP', '', datetime('now'), datetime('now'));
INSERT INTO "Ingredient" (id, name, normalizedName, category, subcategory, costBasisUnit, estimatedCentsPerBasisUnit, gramsPerCup, conversionConfidence, costConfidence, preferredDisplayUnit, notes, createdAt, updatedAt) VALUES ('seed_ing_159', 'radicchio (chopped)', 'radicchio', 'Produce', 'Leafy green (raw)', 'GRAM', 2, 30, 'Medium', 'Medium', 'CUP', '', datetime('now'), datetime('now'));
INSERT INTO "Ingredient" (id, name, normalizedName, category, subcategory, costBasisUnit, estimatedCentsPerBasisUnit, gramsPerCup, conversionConfidence, costConfidence, preferredDisplayUnit, notes, createdAt, updatedAt) VALUES ('seed_ing_160', 'bibb lettuce (chopped)', 'bibb lettuce', 'Produce', 'Leafy green (raw)', 'GRAM', 2, 30, 'Medium', 'Medium', 'CUP', '', datetime('now'), datetime('now'));
INSERT INTO "Ingredient" (id, name, normalizedName, category, subcategory, costBasisUnit, estimatedCentsPerBasisUnit, gramsPerCup, conversionConfidence, costConfidence, preferredDisplayUnit, notes, createdAt, updatedAt) VALUES ('seed_ing_161', 'butter lettuce (chopped)', 'butter lettuce', 'Produce', 'Leafy green (raw)', 'GRAM', 2, 30, 'Medium', 'Medium', 'TBSP', '', datetime('now'), datetime('now'));
INSERT INTO "Ingredient" (id, name, normalizedName, category, subcategory, costBasisUnit, estimatedCentsPerBasisUnit, gramsPerCup, conversionConfidence, costConfidence, preferredDisplayUnit, notes, createdAt, updatedAt) VALUES ('seed_ing_162', 'watercress', 'watercress', 'Produce', 'Leafy green (raw)', 'GRAM', 2, 30, 'Medium', 'Medium', 'CUP', '', datetime('now'), datetime('now'));
INSERT INTO "Ingredient" (id, name, normalizedName, category, subcategory, costBasisUnit, estimatedCentsPerBasisUnit, gramsPerCup, conversionConfidence, costConfidence, preferredDisplayUnit, notes, createdAt, updatedAt) VALUES ('seed_ing_163', 'microgreens', 'microgreens', 'Produce', 'Leafy green (raw)', 'GRAM', 2, 30, 'Medium', 'Medium', 'CUP', '', datetime('now'), datetime('now'));
INSERT INTO "Ingredient" (id, name, normalizedName, category, subcategory, costBasisUnit, estimatedCentsPerBasisUnit, gramsPerCup, conversionConfidence, costConfidence, preferredDisplayUnit, notes, createdAt, updatedAt) VALUES ('seed_ing_164', 'pomegranate arils', 'pomegranate arils', 'Produce', 'Fruit (chopped)', 'GRAM', 1, 150, 'Medium', 'Medium', 'CUP', '', datetime('now'), datetime('now'));
INSERT INTO "Ingredient" (id, name, normalizedName, category, subcategory, costBasisUnit, estimatedCentsPerBasisUnit, gramsPerCup, conversionConfidence, costConfidence, preferredDisplayUnit, notes, createdAt, updatedAt) VALUES ('seed_ing_165', 'kiwi (sliced)', 'kiwi', 'Produce', 'Fruit (chopped)', 'GRAM', 1, 150, 'Medium', 'Medium', 'CUP', '', datetime('now'), datetime('now'));
INSERT INTO "Ingredient" (id, name, normalizedName, category, subcategory, costBasisUnit, estimatedCentsPerBasisUnit, gramsPerCup, conversionConfidence, costConfidence, preferredDisplayUnit, notes, createdAt, updatedAt) VALUES ('seed_ing_166', 'plum (sliced)', 'plum', 'Produce', 'Fruit (chopped)', 'GRAM', 1, 150, 'Medium', 'Medium', 'CUP', '', datetime('now'), datetime('now'));
INSERT INTO "Ingredient" (id, name, normalizedName, category, subcategory, costBasisUnit, estimatedCentsPerBasisUnit, gramsPerCup, conversionConfidence, costConfidence, preferredDisplayUnit, notes, createdAt, updatedAt) VALUES ('seed_ing_167', 'apricot (sliced)', 'apricot', 'Produce', 'Fruit (chopped)', 'GRAM', 1, 150, 'Medium', 'Medium', 'CUP', '', datetime('now'), datetime('now'));
INSERT INTO "Ingredient" (id, name, normalizedName, category, subcategory, costBasisUnit, estimatedCentsPerBasisUnit, gramsPerCup, conversionConfidence, costConfidence, preferredDisplayUnit, notes, createdAt, updatedAt) VALUES ('seed_ing_168', 'grapefruit segments', 'grapefruit segments', 'Produce', 'Fruit (chopped)', 'GRAM', 1, 150, 'Medium', 'Medium', 'CUP', '', datetime('now'), datetime('now'));
INSERT INTO "Ingredient" (id, name, normalizedName, category, subcategory, costBasisUnit, estimatedCentsPerBasisUnit, gramsPerCup, conversionConfidence, costConfidence, preferredDisplayUnit, notes, createdAt, updatedAt) VALUES ('seed_ing_169', 'cantaloupe (chunks)', 'cantaloupe', 'Produce', 'Fruit (chopped)', 'GRAM', 1, 150, 'Medium', 'Medium', 'CUP', '', datetime('now'), datetime('now'));
INSERT INTO "Ingredient" (id, name, normalizedName, category, subcategory, costBasisUnit, estimatedCentsPerBasisUnit, gramsPerCup, conversionConfidence, costConfidence, preferredDisplayUnit, notes, createdAt, updatedAt) VALUES ('seed_ing_170', 'honeydew (chunks)', 'honeydew', 'Produce', 'Fruit (chopped)', 'GRAM', 1, 150, 'Medium', 'Medium', 'TBSP', '', datetime('now'), datetime('now'));
INSERT INTO "Ingredient" (id, name, normalizedName, category, subcategory, costBasisUnit, estimatedCentsPerBasisUnit, gramsPerCup, conversionConfidence, costConfidence, preferredDisplayUnit, notes, createdAt, updatedAt) VALUES ('seed_ing_171', 'dates (chopped)', 'dates', 'Produce', 'Fruit (chopped)', 'GRAM', 1, 150, 'Medium', 'Medium', 'CUP', '', datetime('now'), datetime('now'));
INSERT INTO "Ingredient" (id, name, normalizedName, category, subcategory, costBasisUnit, estimatedCentsPerBasisUnit, gramsPerCup, conversionConfidence, costConfidence, preferredDisplayUnit, notes, createdAt, updatedAt) VALUES ('seed_ing_172', 'raisins', 'raisins', 'Produce', 'Fruit (chopped)', 'GRAM', 1, 150, 'Medium', 'Medium', 'CUP', '', datetime('now'), datetime('now'));
INSERT INTO "Ingredient" (id, name, normalizedName, category, subcategory, costBasisUnit, estimatedCentsPerBasisUnit, gramsPerCup, conversionConfidence, costConfidence, preferredDisplayUnit, notes, createdAt, updatedAt) VALUES ('seed_ing_173', 'dried cranberries', 'dried cranberries', 'Produce', 'Fruit (chopped)', 'GRAM', 1, 150, 'Medium', 'Medium', 'CUP', '', datetime('now'), datetime('now'));
INSERT INTO "Ingredient" (id, name, normalizedName, category, subcategory, costBasisUnit, estimatedCentsPerBasisUnit, gramsPerCup, conversionConfidence, costConfidence, preferredDisplayUnit, notes, createdAt, updatedAt) VALUES ('seed_ing_174', 'dried apricots (chopped)', 'dried apricots', 'Produce', 'Fruit (chopped)', 'GRAM', 1, 150, 'Medium', 'Medium', 'CUP', '', datetime('now'), datetime('now'));
INSERT INTO "Ingredient" (id, name, normalizedName, category, subcategory, costBasisUnit, estimatedCentsPerBasisUnit, gramsPerCup, conversionConfidence, costConfidence, preferredDisplayUnit, notes, createdAt, updatedAt) VALUES ('seed_ing_175', 'coconut (shredded)', 'coconut', 'Produce', 'Fruit (chopped)', 'GRAM', 1, 150, 'Medium', 'Medium', 'CUP', '', datetime('now'), datetime('now'));
INSERT INTO "Ingredient" (id, name, normalizedName, category, subcategory, costBasisUnit, estimatedCentsPerBasisUnit, gramsPerCup, conversionConfidence, costConfidence, preferredDisplayUnit, notes, createdAt, updatedAt) VALUES ('seed_ing_176', 'coconut flakes', 'coconut flakes', 'Produce', 'Fruit (chopped)', 'GRAM', 1, 150, 'Medium', 'Medium', 'CUP', '', datetime('now'), datetime('now'));
INSERT INTO "Ingredient" (id, name, normalizedName, category, subcategory, costBasisUnit, estimatedCentsPerBasisUnit, gramsPerCup, conversionConfidence, costConfidence, preferredDisplayUnit, notes, createdAt, updatedAt) VALUES ('seed_ing_177', 'lemon zest', 'lemon zest', 'Produce', 'Fruit (chopped)', 'GRAM', 1, 150, 'Medium', 'Medium', 'CUP', '', datetime('now'), datetime('now'));
INSERT INTO "Ingredient" (id, name, normalizedName, category, subcategory, costBasisUnit, estimatedCentsPerBasisUnit, gramsPerCup, conversionConfidence, costConfidence, preferredDisplayUnit, notes, createdAt, updatedAt) VALUES ('seed_ing_178', 'orange zest', 'orange zest', 'Produce', 'Fruit (chopped)', 'GRAM', 1, 150, 'Medium', 'Medium', 'CUP', '', datetime('now'), datetime('now'));
INSERT INTO "Ingredient" (id, name, normalizedName, category, subcategory, costBasisUnit, estimatedCentsPerBasisUnit, gramsPerCup, conversionConfidence, costConfidence, preferredDisplayUnit, notes, createdAt, updatedAt) VALUES ('seed_ing_179', 'chicken breast (diced)', 'chicken breast', 'Proteins', 'Meat/Fish (diced)', 'GRAM', 1, 140, 'Medium', 'Medium', 'CUP', '', datetime('now'), datetime('now'));
INSERT INTO "Ingredient" (id, name, normalizedName, category, subcategory, costBasisUnit, estimatedCentsPerBasisUnit, gramsPerCup, conversionConfidence, costConfidence, preferredDisplayUnit, notes, createdAt, updatedAt) VALUES ('seed_ing_180', 'chicken thighs (diced)', 'chicken thighs', 'Proteins', 'Meat/Fish (diced)', 'GRAM', 2, 150, 'Medium', 'Medium', 'CUP', '', datetime('now'), datetime('now'));
INSERT INTO "Ingredient" (id, name, normalizedName, category, subcategory, costBasisUnit, estimatedCentsPerBasisUnit, gramsPerCup, conversionConfidence, costConfidence, preferredDisplayUnit, notes, createdAt, updatedAt) VALUES ('seed_ing_181', 'chicken drumsticks', 'chicken drumsticks', 'Proteins', 'Meat/Fish (diced)', 'GRAM', 2, 150, 'Medium', 'Medium', 'CUP', '', datetime('now'), datetime('now'));
INSERT INTO "Ingredient" (id, name, normalizedName, category, subcategory, costBasisUnit, estimatedCentsPerBasisUnit, gramsPerCup, conversionConfidence, costConfidence, preferredDisplayUnit, notes, createdAt, updatedAt) VALUES ('seed_ing_182', 'whole chicken', 'whole chicken', 'Proteins', 'Meat/Fish (diced)', 'GRAM', 2, 150, 'Medium', 'Medium', 'CUP', '', datetime('now'), datetime('now'));
INSERT INTO "Ingredient" (id, name, normalizedName, category, subcategory, costBasisUnit, estimatedCentsPerBasisUnit, gramsPerCup, conversionConfidence, costConfidence, preferredDisplayUnit, notes, createdAt, updatedAt) VALUES ('seed_ing_183', 'ground chicken', 'ground chicken', 'Proteins', 'Meat/Fish (diced)', 'GRAM', 2, 150, 'Medium', 'Medium', 'CUP', '', datetime('now'), datetime('now'));
INSERT INTO "Ingredient" (id, name, normalizedName, category, subcategory, costBasisUnit, estimatedCentsPerBasisUnit, gramsPerCup, conversionConfidence, costConfidence, preferredDisplayUnit, notes, createdAt, updatedAt) VALUES ('seed_ing_184', 'turkey breast (diced)', 'turkey breast', 'Proteins', 'Meat/Fish (diced)', 'GRAM', 2, 150, 'Medium', 'Medium', 'CUP', '', datetime('now'), datetime('now'));
INSERT INTO "Ingredient" (id, name, normalizedName, category, subcategory, costBasisUnit, estimatedCentsPerBasisUnit, gramsPerCup, conversionConfidence, costConfidence, preferredDisplayUnit, notes, createdAt, updatedAt) VALUES ('seed_ing_185', 'ground turkey', 'ground turkey', 'Proteins', 'Meat/Fish (diced)', 'GRAM', 2, 150, 'Medium', 'Medium', 'CUP', '', datetime('now'), datetime('now'));
INSERT INTO "Ingredient" (id, name, normalizedName, category, subcategory, costBasisUnit, estimatedCentsPerBasisUnit, gramsPerCup, conversionConfidence, costConfidence, preferredDisplayUnit, notes, createdAt, updatedAt) VALUES ('seed_ing_186', 'ground beef', 'ground beef', 'Proteins', 'Meat/Fish (diced)', 'GRAM', 1, 225, 'Medium', 'Medium', 'CUP', '', datetime('now'), datetime('now'));
INSERT INTO "Ingredient" (id, name, normalizedName, category, subcategory, costBasisUnit, estimatedCentsPerBasisUnit, gramsPerCup, conversionConfidence, costConfidence, preferredDisplayUnit, notes, createdAt, updatedAt) VALUES ('seed_ing_187', 'beef chuck (diced)', 'beef chuck', 'Proteins', 'Meat/Fish (diced)', 'GRAM', 2, 150, 'Medium', 'Medium', 'CUP', '', datetime('now'), datetime('now'));
INSERT INTO "Ingredient" (id, name, normalizedName, category, subcategory, costBasisUnit, estimatedCentsPerBasisUnit, gramsPerCup, conversionConfidence, costConfidence, preferredDisplayUnit, notes, createdAt, updatedAt) VALUES ('seed_ing_188', 'beef sirloin (diced)', 'beef sirloin', 'Proteins', 'Meat/Fish (diced)', 'GRAM', 2, 150, 'Medium', 'Medium', 'CUP', '', datetime('now'), datetime('now'));
INSERT INTO "Ingredient" (id, name, normalizedName, category, subcategory, costBasisUnit, estimatedCentsPerBasisUnit, gramsPerCup, conversionConfidence, costConfidence, preferredDisplayUnit, notes, createdAt, updatedAt) VALUES ('seed_ing_189', 'beef stew meat', 'beef stew meat', 'Proteins', 'Meat/Fish (diced)', 'GRAM', 2, 150, 'Medium', 'Medium', 'CUP', '', datetime('now'), datetime('now'));
INSERT INTO "Ingredient" (id, name, normalizedName, category, subcategory, costBasisUnit, estimatedCentsPerBasisUnit, gramsPerCup, conversionConfidence, costConfidence, preferredDisplayUnit, notes, createdAt, updatedAt) VALUES ('seed_ing_190', 'brisket (diced)', 'brisket', 'Proteins', 'Meat/Fish (diced)', 'GRAM', 2, 150, 'Medium', 'Medium', 'CUP', '', datetime('now'), datetime('now'));
INSERT INTO "Ingredient" (id, name, normalizedName, category, subcategory, costBasisUnit, estimatedCentsPerBasisUnit, gramsPerCup, conversionConfidence, costConfidence, preferredDisplayUnit, notes, createdAt, updatedAt) VALUES ('seed_ing_191', 'pork chops (diced)', 'pork chops', 'Proteins', 'Meat/Fish (diced)', 'GRAM', 2, 150, 'Medium', 'Medium', 'CUP', '', datetime('now'), datetime('now'));
INSERT INTO "Ingredient" (id, name, normalizedName, category, subcategory, costBasisUnit, estimatedCentsPerBasisUnit, gramsPerCup, conversionConfidence, costConfidence, preferredDisplayUnit, notes, createdAt, updatedAt) VALUES ('seed_ing_192', 'pork tenderloin (diced)', 'pork tenderloin', 'Proteins', 'Meat/Fish (diced)', 'GRAM', 2, 150, 'Medium', 'Medium', 'CUP', '', datetime('now'), datetime('now'));
INSERT INTO "Ingredient" (id, name, normalizedName, category, subcategory, costBasisUnit, estimatedCentsPerBasisUnit, gramsPerCup, conversionConfidence, costConfidence, preferredDisplayUnit, notes, createdAt, updatedAt) VALUES ('seed_ing_193', 'pork shoulder (diced)', 'pork shoulder', 'Proteins', 'Meat/Fish (diced)', 'GRAM', 2, 150, 'Medium', 'Medium', 'CUP', '', datetime('now'), datetime('now'));
INSERT INTO "Ingredient" (id, name, normalizedName, category, subcategory, costBasisUnit, estimatedCentsPerBasisUnit, gramsPerCup, conversionConfidence, costConfidence, preferredDisplayUnit, notes, createdAt, updatedAt) VALUES ('seed_ing_194', 'ground pork', 'ground pork', 'Proteins', 'Meat/Fish (diced)', 'GRAM', 2, 150, 'Medium', 'Medium', 'CUP', '', datetime('now'), datetime('now'));
INSERT INTO "Ingredient" (id, name, normalizedName, category, subcategory, costBasisUnit, estimatedCentsPerBasisUnit, gramsPerCup, conversionConfidence, costConfidence, preferredDisplayUnit, notes, createdAt, updatedAt) VALUES ('seed_ing_195', 'bacon (crumbled)', 'bacon', 'Proteins', 'Meat/Fish (diced)', 'GRAM', 2, 150, 'Medium', 'Medium', 'CUP', '', datetime('now'), datetime('now'));
INSERT INTO "Ingredient" (id, name, normalizedName, category, subcategory, costBasisUnit, estimatedCentsPerBasisUnit, gramsPerCup, conversionConfidence, costConfidence, preferredDisplayUnit, notes, createdAt, updatedAt) VALUES ('seed_ing_196', 'ham (diced)', 'ham', 'Proteins', 'Meat/Fish (diced)', 'GRAM', 2, 150, 'Medium', 'Medium', 'CUP', '', datetime('now'), datetime('now'));
INSERT INTO "Ingredient" (id, name, normalizedName, category, subcategory, costBasisUnit, estimatedCentsPerBasisUnit, gramsPerCup, conversionConfidence, costConfidence, preferredDisplayUnit, notes, createdAt, updatedAt) VALUES ('seed_ing_197', 'italian sausage', 'italian sausage', 'Proteins', 'Meat/Fish (diced)', 'GRAM', 2, 150, 'Medium', 'Medium', 'CUP', '', datetime('now'), datetime('now'));
INSERT INTO "Ingredient" (id, name, normalizedName, category, subcategory, costBasisUnit, estimatedCentsPerBasisUnit, gramsPerCup, conversionConfidence, costConfidence, preferredDisplayUnit, notes, createdAt, updatedAt) VALUES ('seed_ing_198', 'breakfast sausage', 'breakfast sausage', 'Proteins', 'Meat/Fish (diced)', 'GRAM', 2, 150, 'Medium', 'Medium', 'CUP', '', datetime('now'), datetime('now'));
INSERT INTO "Ingredient" (id, name, normalizedName, category, subcategory, costBasisUnit, estimatedCentsPerBasisUnit, gramsPerCup, conversionConfidence, costConfidence, preferredDisplayUnit, notes, createdAt, updatedAt) VALUES ('seed_ing_199', 'chorizo', 'chorizo', 'Proteins', 'Meat/Fish (diced)', 'GRAM', 2, 150, 'Medium', 'Medium', 'CUP', '', datetime('now'), datetime('now'));
INSERT INTO "Ingredient" (id, name, normalizedName, category, subcategory, costBasisUnit, estimatedCentsPerBasisUnit, gramsPerCup, conversionConfidence, costConfidence, preferredDisplayUnit, notes, createdAt, updatedAt) VALUES ('seed_ing_200', 'salmon (diced)', 'salmon', 'Proteins', 'Meat/Fish (diced)', 'GRAM', 2, 150, 'Medium', 'Medium', 'CUP', '', datetime('now'), datetime('now'));
INSERT INTO "Ingredient" (id, name, normalizedName, category, subcategory, costBasisUnit, estimatedCentsPerBasisUnit, gramsPerCup, conversionConfidence, costConfidence, preferredDisplayUnit, notes, createdAt, updatedAt) VALUES ('seed_ing_201', 'tuna (diced)', 'tuna', 'Proteins', 'Meat/Fish (diced)', 'GRAM', 2, 150, 'Medium', 'Medium', 'CUP', '', datetime('now'), datetime('now'));
INSERT INTO "Ingredient" (id, name, normalizedName, category, subcategory, costBasisUnit, estimatedCentsPerBasisUnit, gramsPerCup, conversionConfidence, costConfidence, preferredDisplayUnit, notes, createdAt, updatedAt) VALUES ('seed_ing_202', 'cod (diced)', 'cod', 'Proteins', 'Meat/Fish (diced)', 'GRAM', 2, 150, 'Medium', 'Medium', 'CUP', '', datetime('now'), datetime('now'));
INSERT INTO "Ingredient" (id, name, normalizedName, category, subcategory, costBasisUnit, estimatedCentsPerBasisUnit, gramsPerCup, conversionConfidence, costConfidence, preferredDisplayUnit, notes, createdAt, updatedAt) VALUES ('seed_ing_203', 'tilapia (diced)', 'tilapia', 'Proteins', 'Meat/Fish (diced)', 'GRAM', 2, 150, 'Medium', 'Medium', 'CUP', '', datetime('now'), datetime('now'));
INSERT INTO "Ingredient" (id, name, normalizedName, category, subcategory, costBasisUnit, estimatedCentsPerBasisUnit, gramsPerCup, conversionConfidence, costConfidence, preferredDisplayUnit, notes, createdAt, updatedAt) VALUES ('seed_ing_204', 'halibut (diced)', 'halibut', 'Proteins', 'Meat/Fish (diced)', 'GRAM', 2, 150, 'Medium', 'Medium', 'CUP', '', datetime('now'), datetime('now'));
INSERT INTO "Ingredient" (id, name, normalizedName, category, subcategory, costBasisUnit, estimatedCentsPerBasisUnit, gramsPerCup, conversionConfidence, costConfidence, preferredDisplayUnit, notes, createdAt, updatedAt) VALUES ('seed_ing_205', 'shrimp (chopped)', 'shrimp', 'Proteins', 'Meat/Fish (diced)', 'GRAM', 2, 150, 'Medium', 'Medium', 'CUP', '', datetime('now'), datetime('now'));
INSERT INTO "Ingredient" (id, name, normalizedName, category, subcategory, costBasisUnit, estimatedCentsPerBasisUnit, gramsPerCup, conversionConfidence, costConfidence, preferredDisplayUnit, notes, createdAt, updatedAt) VALUES ('seed_ing_206', 'scallops', 'scallops', 'Proteins', 'Meat/Fish (diced)', 'GRAM', 2, 150, 'Medium', 'Medium', 'CUP', '', datetime('now'), datetime('now'));
INSERT INTO "Ingredient" (id, name, normalizedName, category, subcategory, costBasisUnit, estimatedCentsPerBasisUnit, gramsPerCup, conversionConfidence, costConfidence, preferredDisplayUnit, notes, createdAt, updatedAt) VALUES ('seed_ing_207', 'crab', 'crab', 'Proteins', 'Meat/Fish (diced)', 'GRAM', 2, 150, 'Medium', 'Medium', 'CUP', '', datetime('now'), datetime('now'));
INSERT INTO "Ingredient" (id, name, normalizedName, category, subcategory, costBasisUnit, estimatedCentsPerBasisUnit, gramsPerCup, conversionConfidence, costConfidence, preferredDisplayUnit, notes, createdAt, updatedAt) VALUES ('seed_ing_208', 'lobster', 'lobster', 'Proteins', 'Meat/Fish (diced)', 'GRAM', 2, 150, 'Medium', 'Medium', 'CUP', '', datetime('now'), datetime('now'));
INSERT INTO "Ingredient" (id, name, normalizedName, category, subcategory, costBasisUnit, estimatedCentsPerBasisUnit, gramsPerCup, conversionConfidence, costConfidence, preferredDisplayUnit, notes, createdAt, updatedAt) VALUES ('seed_ing_209', 'mussels', 'mussels', 'Proteins', 'Meat/Fish (diced)', 'GRAM', 2, 150, 'Medium', 'Medium', 'CUP', '', datetime('now'), datetime('now'));
INSERT INTO "Ingredient" (id, name, normalizedName, category, subcategory, costBasisUnit, estimatedCentsPerBasisUnit, gramsPerCup, conversionConfidence, costConfidence, preferredDisplayUnit, notes, createdAt, updatedAt) VALUES ('seed_ing_210', 'clams', 'clams', 'Proteins', 'Meat/Fish (diced)', 'GRAM', 2, 150, 'Medium', 'Medium', 'CUP', '', datetime('now'), datetime('now'));
INSERT INTO "Ingredient" (id, name, normalizedName, category, subcategory, costBasisUnit, estimatedCentsPerBasisUnit, gramsPerCup, conversionConfidence, costConfidence, preferredDisplayUnit, notes, createdAt, updatedAt) VALUES ('seed_ing_211', 'black beans (cooked)', 'black beans', 'Proteins', 'Beans/Legumes', 'GRAM', 0.24, 170, 'High', 'High', 'CUP', '', datetime('now'), datetime('now'));
INSERT INTO "Ingredient" (id, name, normalizedName, category, subcategory, costBasisUnit, estimatedCentsPerBasisUnit, gramsPerCup, conversionConfidence, costConfidence, preferredDisplayUnit, notes, createdAt, updatedAt) VALUES ('seed_ing_212', 'pinto beans (cooked)', 'pinto beans', 'Proteins', 'Beans/Legumes', 'GRAM', 0.24, 170, 'High', 'High', 'CUP', '', datetime('now'), datetime('now'));
INSERT INTO "Ingredient" (id, name, normalizedName, category, subcategory, costBasisUnit, estimatedCentsPerBasisUnit, gramsPerCup, conversionConfidence, costConfidence, preferredDisplayUnit, notes, createdAt, updatedAt) VALUES ('seed_ing_213', 'kidney beans (cooked)', 'kidney beans', 'Proteins', 'Beans/Legumes', 'GRAM', 0.24, 170, 'High', 'High', 'CUP', '', datetime('now'), datetime('now'));
INSERT INTO "Ingredient" (id, name, normalizedName, category, subcategory, costBasisUnit, estimatedCentsPerBasisUnit, gramsPerCup, conversionConfidence, costConfidence, preferredDisplayUnit, notes, createdAt, updatedAt) VALUES ('seed_ing_214', 'navy beans (cooked)', 'navy beans', 'Proteins', 'Beans/Legumes', 'GRAM', 0.24, 170, 'High', 'High', 'CUP', '', datetime('now'), datetime('now'));
INSERT INTO "Ingredient" (id, name, normalizedName, category, subcategory, costBasisUnit, estimatedCentsPerBasisUnit, gramsPerCup, conversionConfidence, costConfidence, preferredDisplayUnit, notes, createdAt, updatedAt) VALUES ('seed_ing_215', 'cannellini beans (cooked)', 'cannellini beans', 'Proteins', 'Beans/Legumes', 'GRAM', 0.24, 170, 'High', 'High', 'CUP', '', datetime('now'), datetime('now'));
INSERT INTO "Ingredient" (id, name, normalizedName, category, subcategory, costBasisUnit, estimatedCentsPerBasisUnit, gramsPerCup, conversionConfidence, costConfidence, preferredDisplayUnit, notes, createdAt, updatedAt) VALUES ('seed_ing_216', 'chickpeas (cooked)', 'chickpeas', 'Proteins', 'Beans/Legumes', 'GRAM', 0.24, 170, 'High', 'High', 'CUP', '', datetime('now'), datetime('now'));
INSERT INTO "Ingredient" (id, name, normalizedName, category, subcategory, costBasisUnit, estimatedCentsPerBasisUnit, gramsPerCup, conversionConfidence, costConfidence, preferredDisplayUnit, notes, createdAt, updatedAt) VALUES ('seed_ing_217', 'lentils (dry)', 'lentils', 'Proteins', 'Beans/Legumes', 'GRAM', 0.28, 190, 'High', 'High', 'CUP', '', datetime('now'), datetime('now'));
INSERT INTO "Ingredient" (id, name, normalizedName, category, subcategory, costBasisUnit, estimatedCentsPerBasisUnit, gramsPerCup, conversionConfidence, costConfidence, preferredDisplayUnit, notes, createdAt, updatedAt) VALUES ('seed_ing_218', 'green lentils (cooked)', 'green lentils', 'Proteins', 'Beans/Legumes', 'GRAM', 0.24, 170, 'High', 'High', 'CUP', '', datetime('now'), datetime('now'));
INSERT INTO "Ingredient" (id, name, normalizedName, category, subcategory, costBasisUnit, estimatedCentsPerBasisUnit, gramsPerCup, conversionConfidence, costConfidence, preferredDisplayUnit, notes, createdAt, updatedAt) VALUES ('seed_ing_219', 'split peas (dry)', 'split peas', 'Proteins', 'Beans/Legumes', 'GRAM', 0.28, 170, 'High', 'High', 'CUP', '', datetime('now'), datetime('now'));
INSERT INTO "Ingredient" (id, name, normalizedName, category, subcategory, costBasisUnit, estimatedCentsPerBasisUnit, gramsPerCup, conversionConfidence, costConfidence, preferredDisplayUnit, notes, createdAt, updatedAt) VALUES ('seed_ing_220', 'edamame (shelled)', 'edamame', 'Proteins', 'Beans/Legumes', 'GRAM', 0.24, 170, 'High', 'High', 'CUP', '', datetime('now'), datetime('now'));
INSERT INTO "Ingredient" (id, name, normalizedName, category, subcategory, costBasisUnit, estimatedCentsPerBasisUnit, gramsPerCup, conversionConfidence, costConfidence, preferredDisplayUnit, notes, createdAt, updatedAt) VALUES ('seed_ing_221', 'tofu (firm)', 'tofu', 'Proteins', 'Meat/Fish (diced)', 'GRAM', 2, 150, 'Medium', 'Medium', 'CUP', '', datetime('now'), datetime('now'));
INSERT INTO "Ingredient" (id, name, normalizedName, category, subcategory, costBasisUnit, estimatedCentsPerBasisUnit, gramsPerCup, conversionConfidence, costConfidence, preferredDisplayUnit, notes, createdAt, updatedAt) VALUES ('seed_ing_222', 'tempeh', 'tempeh', 'Proteins', 'Meat/Fish (diced)', 'GRAM', 2, 150, 'Medium', 'Medium', 'CUP', '', datetime('now'), datetime('now'));
INSERT INTO "Ingredient" (id, name, normalizedName, category, subcategory, costBasisUnit, estimatedCentsPerBasisUnit, gramsPerCup, conversionConfidence, costConfidence, preferredDisplayUnit, notes, createdAt, updatedAt) VALUES ('seed_ing_223', 'seitan', 'seitan', 'Proteins', 'Meat/Fish (diced)', 'GRAM', 2, 150, 'Medium', 'Medium', 'CUP', '', datetime('now'), datetime('now'));
INSERT INTO "Ingredient" (id, name, normalizedName, category, subcategory, costBasisUnit, estimatedCentsPerBasisUnit, gramsPerCup, conversionConfidence, costConfidence, preferredDisplayUnit, notes, createdAt, updatedAt) VALUES ('seed_ing_224', 'egg (whole, large)', 'egg', 'Proteins', 'Eggs', 'EACH', 30, NULL, 'High', 'High', 'EACH', 'Unit-based: ~50g per large egg', datetime('now'), datetime('now'));
INSERT INTO "Ingredient" (id, name, normalizedName, category, subcategory, costBasisUnit, estimatedCentsPerBasisUnit, gramsPerCup, conversionConfidence, costConfidence, preferredDisplayUnit, notes, createdAt, updatedAt) VALUES ('seed_ing_225', 'egg white (liquid)', 'egg white', 'Proteins', 'Eggs', 'GRAM', 1, NULL, 'High', 'High', 'EACH', 'Unit-based ingredient; prefer grams_per_unit if you model it.', datetime('now'), datetime('now'));
INSERT INTO "Ingredient" (id, name, normalizedName, category, subcategory, costBasisUnit, estimatedCentsPerBasisUnit, gramsPerCup, conversionConfidence, costConfidence, preferredDisplayUnit, notes, createdAt, updatedAt) VALUES ('seed_ing_226', 'egg yolk', 'egg yolk', 'Proteins', 'Eggs', 'GRAM', 1, NULL, 'High', 'High', 'EACH', 'Unit-based ingredient; prefer grams_per_unit if you model it.', datetime('now'), datetime('now'));
INSERT INTO "Ingredient" (id, name, normalizedName, category, subcategory, costBasisUnit, estimatedCentsPerBasisUnit, gramsPerCup, conversionConfidence, costConfidence, preferredDisplayUnit, notes, createdAt, updatedAt) VALUES ('seed_ing_227', 'beef ribeye (diced)', 'beef ribeye', 'Proteins', 'Meat/Fish (diced)', 'GRAM', 2, 150, 'Medium', 'Medium', 'CUP', '', datetime('now'), datetime('now'));
INSERT INTO "Ingredient" (id, name, normalizedName, category, subcategory, costBasisUnit, estimatedCentsPerBasisUnit, gramsPerCup, conversionConfidence, costConfidence, preferredDisplayUnit, notes, createdAt, updatedAt) VALUES ('seed_ing_228', 'beef flank steak (diced)', 'beef flank steak', 'Proteins', 'Meat/Fish (diced)', 'GRAM', 2, 150, 'Medium', 'Medium', 'CUP', '', datetime('now'), datetime('now'));
INSERT INTO "Ingredient" (id, name, normalizedName, category, subcategory, costBasisUnit, estimatedCentsPerBasisUnit, gramsPerCup, conversionConfidence, costConfidence, preferredDisplayUnit, notes, createdAt, updatedAt) VALUES ('seed_ing_229', 'beef skirt steak (diced)', 'beef skirt steak', 'Proteins', 'Meat/Fish (diced)', 'GRAM', 2, 150, 'Medium', 'Medium', 'CUP', '', datetime('now'), datetime('now'));
INSERT INTO "Ingredient" (id, name, normalizedName, category, subcategory, costBasisUnit, estimatedCentsPerBasisUnit, gramsPerCup, conversionConfidence, costConfidence, preferredDisplayUnit, notes, createdAt, updatedAt) VALUES ('seed_ing_230', 'beef short ribs (diced)', 'beef short ribs', 'Proteins', 'Meat/Fish (diced)', 'GRAM', 2, 150, 'Medium', 'Medium', 'CUP', '', datetime('now'), datetime('now'));
INSERT INTO "Ingredient" (id, name, normalizedName, category, subcategory, costBasisUnit, estimatedCentsPerBasisUnit, gramsPerCup, conversionConfidence, costConfidence, preferredDisplayUnit, notes, createdAt, updatedAt) VALUES ('seed_ing_231', 'pork belly (diced)', 'pork belly', 'Proteins', 'Meat/Fish (diced)', 'GRAM', 2, 150, 'Medium', 'Medium', 'CUP', '', datetime('now'), datetime('now'));
INSERT INTO "Ingredient" (id, name, normalizedName, category, subcategory, costBasisUnit, estimatedCentsPerBasisUnit, gramsPerCup, conversionConfidence, costConfidence, preferredDisplayUnit, notes, createdAt, updatedAt) VALUES ('seed_ing_232', 'pork ribs (diced)', 'pork ribs', 'Proteins', 'Meat/Fish (diced)', 'GRAM', 2, 150, 'Medium', 'Medium', 'CUP', '', datetime('now'), datetime('now'));
INSERT INTO "Ingredient" (id, name, normalizedName, category, subcategory, costBasisUnit, estimatedCentsPerBasisUnit, gramsPerCup, conversionConfidence, costConfidence, preferredDisplayUnit, notes, createdAt, updatedAt) VALUES ('seed_ing_233', 'pork bacon (thick-cut, crumbled)', 'pork bacon', 'Proteins', 'Meat/Fish (diced)', 'GRAM', 2, 150, 'Medium', 'Medium', 'CUP', '', datetime('now'), datetime('now'));
INSERT INTO "Ingredient" (id, name, normalizedName, category, subcategory, costBasisUnit, estimatedCentsPerBasisUnit, gramsPerCup, conversionConfidence, costConfidence, preferredDisplayUnit, notes, createdAt, updatedAt) VALUES ('seed_ing_234', 'lamb (diced)', 'lamb', 'Proteins', 'Meat/Fish (diced)', 'GRAM', 2, 150, 'Medium', 'Medium', 'CUP', '', datetime('now'), datetime('now'));
INSERT INTO "Ingredient" (id, name, normalizedName, category, subcategory, costBasisUnit, estimatedCentsPerBasisUnit, gramsPerCup, conversionConfidence, costConfidence, preferredDisplayUnit, notes, createdAt, updatedAt) VALUES ('seed_ing_235', 'ground lamb', 'ground lamb', 'Proteins', 'Meat/Fish (diced)', 'GRAM', 2, 150, 'Medium', 'Medium', 'CUP', '', datetime('now'), datetime('now'));
INSERT INTO "Ingredient" (id, name, normalizedName, category, subcategory, costBasisUnit, estimatedCentsPerBasisUnit, gramsPerCup, conversionConfidence, costConfidence, preferredDisplayUnit, notes, createdAt, updatedAt) VALUES ('seed_ing_236', 'duck breast (diced)', 'duck breast', 'Proteins', 'Meat/Fish (diced)', 'GRAM', 2, 150, 'Medium', 'Medium', 'CUP', '', datetime('now'), datetime('now'));
INSERT INTO "Ingredient" (id, name, normalizedName, category, subcategory, costBasisUnit, estimatedCentsPerBasisUnit, gramsPerCup, conversionConfidence, costConfidence, preferredDisplayUnit, notes, createdAt, updatedAt) VALUES ('seed_ing_237', 'haddock (diced)', 'haddock', 'Proteins', 'Meat/Fish (diced)', 'GRAM', 2, 150, 'Medium', 'Medium', 'CUP', '', datetime('now'), datetime('now'));
INSERT INTO "Ingredient" (id, name, normalizedName, category, subcategory, costBasisUnit, estimatedCentsPerBasisUnit, gramsPerCup, conversionConfidence, costConfidence, preferredDisplayUnit, notes, createdAt, updatedAt) VALUES ('seed_ing_238', 'mahi mahi (diced)', 'mahi mahi', 'Proteins', 'Meat/Fish (diced)', 'GRAM', 2, 150, 'Medium', 'Medium', 'CUP', '', datetime('now'), datetime('now'));
INSERT INTO "Ingredient" (id, name, normalizedName, category, subcategory, costBasisUnit, estimatedCentsPerBasisUnit, gramsPerCup, conversionConfidence, costConfidence, preferredDisplayUnit, notes, createdAt, updatedAt) VALUES ('seed_ing_239', 'sea bass (diced)', 'sea bass', 'Proteins', 'Meat/Fish (diced)', 'GRAM', 2, 150, 'Medium', 'Medium', 'CUP', '', datetime('now'), datetime('now'));
INSERT INTO "Ingredient" (id, name, normalizedName, category, subcategory, costBasisUnit, estimatedCentsPerBasisUnit, gramsPerCup, conversionConfidence, costConfidence, preferredDisplayUnit, notes, createdAt, updatedAt) VALUES ('seed_ing_240', 'trout (diced)', 'trout', 'Proteins', 'Meat/Fish (diced)', 'GRAM', 2, 150, 'Medium', 'Medium', 'CUP', '', datetime('now'), datetime('now'));
INSERT INTO "Ingredient" (id, name, normalizedName, category, subcategory, costBasisUnit, estimatedCentsPerBasisUnit, gramsPerCup, conversionConfidence, costConfidence, preferredDisplayUnit, notes, createdAt, updatedAt) VALUES ('seed_ing_241', 'anchovies', 'anchovies', 'Proteins', 'Meat/Fish (diced)', 'GRAM', 2, 150, 'Medium', 'Medium', 'CUP', '', datetime('now'), datetime('now'));
INSERT INTO "Ingredient" (id, name, normalizedName, category, subcategory, costBasisUnit, estimatedCentsPerBasisUnit, gramsPerCup, conversionConfidence, costConfidence, preferredDisplayUnit, notes, createdAt, updatedAt) VALUES ('seed_ing_242', 'sardines', 'sardines', 'Proteins', 'Meat/Fish (diced)', 'GRAM', 2, 150, 'Medium', 'Medium', 'CUP', '', datetime('now'), datetime('now'));
INSERT INTO "Ingredient" (id, name, normalizedName, category, subcategory, costBasisUnit, estimatedCentsPerBasisUnit, gramsPerCup, conversionConfidence, costConfidence, preferredDisplayUnit, notes, createdAt, updatedAt) VALUES ('seed_ing_243', 'canned tuna (drained)', 'canned tuna', 'Proteins', 'Meat/Fish (diced)', 'GRAM', 2, 150, 'Medium', 'Medium', 'CUP', '', datetime('now'), datetime('now'));
INSERT INTO "Ingredient" (id, name, normalizedName, category, subcategory, costBasisUnit, estimatedCentsPerBasisUnit, gramsPerCup, conversionConfidence, costConfidence, preferredDisplayUnit, notes, createdAt, updatedAt) VALUES ('seed_ing_244', 'calamari (chopped)', 'calamari', 'Proteins', 'Meat/Fish (diced)', 'GRAM', 2, 150, 'Medium', 'Medium', 'CUP', '', datetime('now'), datetime('now'));
INSERT INTO "Ingredient" (id, name, normalizedName, category, subcategory, costBasisUnit, estimatedCentsPerBasisUnit, gramsPerCup, conversionConfidence, costConfidence, preferredDisplayUnit, notes, createdAt, updatedAt) VALUES ('seed_ing_245', 'octopus (chopped)', 'octopus', 'Proteins', 'Meat/Fish (diced)', 'GRAM', 2, 150, 'Medium', 'Medium', 'CUP', '', datetime('now'), datetime('now'));
INSERT INTO "Ingredient" (id, name, normalizedName, category, subcategory, costBasisUnit, estimatedCentsPerBasisUnit, gramsPerCup, conversionConfidence, costConfidence, preferredDisplayUnit, notes, createdAt, updatedAt) VALUES ('seed_ing_246', 'white beans (cooked)', 'white beans', 'Proteins', 'Beans/Legumes', 'GRAM', 0.24, 170, 'High', 'High', 'CUP', '', datetime('now'), datetime('now'));
INSERT INTO "Ingredient" (id, name, normalizedName, category, subcategory, costBasisUnit, estimatedCentsPerBasisUnit, gramsPerCup, conversionConfidence, costConfidence, preferredDisplayUnit, notes, createdAt, updatedAt) VALUES ('seed_ing_247', 'great northern beans (cooked)', 'great northern beans', 'Proteins', 'Beans/Legumes', 'GRAM', 0.24, 170, 'High', 'High', 'CUP', '', datetime('now'), datetime('now'));
INSERT INTO "Ingredient" (id, name, normalizedName, category, subcategory, costBasisUnit, estimatedCentsPerBasisUnit, gramsPerCup, conversionConfidence, costConfidence, preferredDisplayUnit, notes, createdAt, updatedAt) VALUES ('seed_ing_248', 'black-eyed peas (cooked)', 'black eyed peas', 'Proteins', 'Beans/Legumes', 'GRAM', 0.24, 170, 'High', 'High', 'CUP', '', datetime('now'), datetime('now'));
INSERT INTO "Ingredient" (id, name, normalizedName, category, subcategory, costBasisUnit, estimatedCentsPerBasisUnit, gramsPerCup, conversionConfidence, costConfidence, preferredDisplayUnit, notes, createdAt, updatedAt) VALUES ('seed_ing_249', 'mung beans (cooked)', 'mung beans', 'Proteins', 'Beans/Legumes', 'GRAM', 0.24, 170, 'High', 'High', 'CUP', '', datetime('now'), datetime('now'));
INSERT INTO "Ingredient" (id, name, normalizedName, category, subcategory, costBasisUnit, estimatedCentsPerBasisUnit, gramsPerCup, conversionConfidence, costConfidence, preferredDisplayUnit, notes, createdAt, updatedAt) VALUES ('seed_ing_250', 'soybeans (cooked)', 'soybeans', 'Proteins', 'Beans/Legumes', 'GRAM', 0.24, 170, 'High', 'High', 'CUP', '', datetime('now'), datetime('now'));
INSERT INTO "Ingredient" (id, name, normalizedName, category, subcategory, costBasisUnit, estimatedCentsPerBasisUnit, gramsPerCup, conversionConfidence, costConfidence, preferredDisplayUnit, notes, createdAt, updatedAt) VALUES ('seed_ing_251', 'whole milk', 'whole milk', 'Dairy & Refrigerated', 'Milk/Cream', 'CUP', 48, 245, 'High', 'High', 'CUP', '', datetime('now'), datetime('now'));
INSERT INTO "Ingredient" (id, name, normalizedName, category, subcategory, costBasisUnit, estimatedCentsPerBasisUnit, gramsPerCup, conversionConfidence, costConfidence, preferredDisplayUnit, notes, createdAt, updatedAt) VALUES ('seed_ing_252', '2% milk', 'milk', 'Dairy & Refrigerated', 'Milk/Cream', 'CUP', 96, 240, 'High', 'Medium', 'CUP', '', datetime('now'), datetime('now'));
INSERT INTO "Ingredient" (id, name, normalizedName, category, subcategory, costBasisUnit, estimatedCentsPerBasisUnit, gramsPerCup, conversionConfidence, costConfidence, preferredDisplayUnit, notes, createdAt, updatedAt) VALUES ('seed_ing_253', 'skim milk', 'skim milk', 'Dairy & Refrigerated', 'Milk/Cream', 'CUP', 96, 240, 'High', 'Medium', 'CUP', '', datetime('now'), datetime('now'));
INSERT INTO "Ingredient" (id, name, normalizedName, category, subcategory, costBasisUnit, estimatedCentsPerBasisUnit, gramsPerCup, conversionConfidence, costConfidence, preferredDisplayUnit, notes, createdAt, updatedAt) VALUES ('seed_ing_254', 'half and half', 'half half', 'Dairy & Refrigerated', 'Milk/Cream', 'CUP', 96, 240, 'High', 'Medium', 'CUP', '', datetime('now'), datetime('now'));
INSERT INTO "Ingredient" (id, name, normalizedName, category, subcategory, costBasisUnit, estimatedCentsPerBasisUnit, gramsPerCup, conversionConfidence, costConfidence, preferredDisplayUnit, notes, createdAt, updatedAt) VALUES ('seed_ing_255', 'heavy cream', 'heavy cream', 'Dairy & Refrigerated', 'Milk/Cream', 'CUP', 144, 238, 'High', 'Medium', 'CUP', '', datetime('now'), datetime('now'));
INSERT INTO "Ingredient" (id, name, normalizedName, category, subcategory, costBasisUnit, estimatedCentsPerBasisUnit, gramsPerCup, conversionConfidence, costConfidence, preferredDisplayUnit, notes, createdAt, updatedAt) VALUES ('seed_ing_256', 'buttermilk', 'buttermilk', 'Dairy & Refrigerated', 'Milk/Cream', 'CUP', 96, 240, 'High', 'Medium', 'TBSP', '', datetime('now'), datetime('now'));
INSERT INTO "Ingredient" (id, name, normalizedName, category, subcategory, costBasisUnit, estimatedCentsPerBasisUnit, gramsPerCup, conversionConfidence, costConfidence, preferredDisplayUnit, notes, createdAt, updatedAt) VALUES ('seed_ing_257', 'plain yogurt', 'plain yogurt', 'Dairy & Refrigerated', 'Cultured', 'GRAM', 1, 245, 'High', 'Medium', 'CUP', '', datetime('now'), datetime('now'));
INSERT INTO "Ingredient" (id, name, normalizedName, category, subcategory, costBasisUnit, estimatedCentsPerBasisUnit, gramsPerCup, conversionConfidence, costConfidence, preferredDisplayUnit, notes, createdAt, updatedAt) VALUES ('seed_ing_258', 'greek yogurt', 'greek yogurt', 'Dairy & Refrigerated', 'Cultured', 'GRAM', 1, 240, 'High', 'Medium', 'CUP', '', datetime('now'), datetime('now'));
INSERT INTO "Ingredient" (id, name, normalizedName, category, subcategory, costBasisUnit, estimatedCentsPerBasisUnit, gramsPerCup, conversionConfidence, costConfidence, preferredDisplayUnit, notes, createdAt, updatedAt) VALUES ('seed_ing_259', 'sour cream', 'sour cream', 'Dairy & Refrigerated', 'Cultured', 'CUP', 168, 230, 'High', 'Medium', 'CUP', '', datetime('now'), datetime('now'));
INSERT INTO "Ingredient" (id, name, normalizedName, category, subcategory, costBasisUnit, estimatedCentsPerBasisUnit, gramsPerCup, conversionConfidence, costConfidence, preferredDisplayUnit, notes, createdAt, updatedAt) VALUES ('seed_ing_260', 'crème fraîche', 'cr me fra che', 'Dairy & Refrigerated', 'Cultured', 'GRAM', 1, 240, 'High', 'Medium', 'CUP', '', datetime('now'), datetime('now'));
INSERT INTO "Ingredient" (id, name, normalizedName, category, subcategory, costBasisUnit, estimatedCentsPerBasisUnit, gramsPerCup, conversionConfidence, costConfidence, preferredDisplayUnit, notes, createdAt, updatedAt) VALUES ('seed_ing_261', 'kefir', 'kefir', 'Dairy & Refrigerated', 'Cultured', 'GRAM', 1, 240, 'High', 'Medium', 'CUP', '', datetime('now'), datetime('now'));
INSERT INTO "Ingredient" (id, name, normalizedName, category, subcategory, costBasisUnit, estimatedCentsPerBasisUnit, gramsPerCup, conversionConfidence, costConfidence, preferredDisplayUnit, notes, createdAt, updatedAt) VALUES ('seed_ing_262', 'cheddar cheese', 'cheddar cheese', 'Dairy & Refrigerated', 'Cheese', 'GRAM', 1, 110, 'Medium', 'Medium', 'CUP', '', datetime('now'), datetime('now'));
INSERT INTO "Ingredient" (id, name, normalizedName, category, subcategory, costBasisUnit, estimatedCentsPerBasisUnit, gramsPerCup, conversionConfidence, costConfidence, preferredDisplayUnit, notes, createdAt, updatedAt) VALUES ('seed_ing_263', 'shredded cheddar', 'shredded cheddar', 'Dairy & Refrigerated', 'Cheese', 'GRAM', 1, 113, 'Medium', 'Medium', 'CUP', '', datetime('now'), datetime('now'));
INSERT INTO "Ingredient" (id, name, normalizedName, category, subcategory, costBasisUnit, estimatedCentsPerBasisUnit, gramsPerCup, conversionConfidence, costConfidence, preferredDisplayUnit, notes, createdAt, updatedAt) VALUES ('seed_ing_264', 'mozzarella', 'mozzarella', 'Dairy & Refrigerated', 'Cheese', 'GRAM', 1, 110, 'Medium', 'Medium', 'CUP', '', datetime('now'), datetime('now'));
INSERT INTO "Ingredient" (id, name, normalizedName, category, subcategory, costBasisUnit, estimatedCentsPerBasisUnit, gramsPerCup, conversionConfidence, costConfidence, preferredDisplayUnit, notes, createdAt, updatedAt) VALUES ('seed_ing_265', 'shredded mozzarella', 'shredded mozzarella', 'Dairy & Refrigerated', 'Cheese', 'GRAM', 1, 110, 'Medium', 'Medium', 'CUP', '', datetime('now'), datetime('now'));
INSERT INTO "Ingredient" (id, name, normalizedName, category, subcategory, costBasisUnit, estimatedCentsPerBasisUnit, gramsPerCup, conversionConfidence, costConfidence, preferredDisplayUnit, notes, createdAt, updatedAt) VALUES ('seed_ing_266', 'parmesan (grated)', 'parmesan', 'Dairy & Refrigerated', 'Cheese', 'GRAM', 2, 100, 'Medium', 'Medium', 'CUP', '', datetime('now'), datetime('now'));
INSERT INTO "Ingredient" (id, name, normalizedName, category, subcategory, costBasisUnit, estimatedCentsPerBasisUnit, gramsPerCup, conversionConfidence, costConfidence, preferredDisplayUnit, notes, createdAt, updatedAt) VALUES ('seed_ing_267', 'swiss cheese', 'swiss cheese', 'Dairy & Refrigerated', 'Cheese', 'GRAM', 1, 110, 'Medium', 'Medium', 'CUP', '', datetime('now'), datetime('now'));
INSERT INTO "Ingredient" (id, name, normalizedName, category, subcategory, costBasisUnit, estimatedCentsPerBasisUnit, gramsPerCup, conversionConfidence, costConfidence, preferredDisplayUnit, notes, createdAt, updatedAt) VALUES ('seed_ing_268', 'provolone', 'provolone', 'Dairy & Refrigerated', 'Cheese', 'GRAM', 1, 110, 'Medium', 'Medium', 'CUP', '', datetime('now'), datetime('now'));
INSERT INTO "Ingredient" (id, name, normalizedName, category, subcategory, costBasisUnit, estimatedCentsPerBasisUnit, gramsPerCup, conversionConfidence, costConfidence, preferredDisplayUnit, notes, createdAt, updatedAt) VALUES ('seed_ing_269', 'monterey jack', 'monterey jack', 'Dairy & Refrigerated', 'Cheese', 'GRAM', 1, 110, 'Medium', 'Medium', 'CUP', '', datetime('now'), datetime('now'));
INSERT INTO "Ingredient" (id, name, normalizedName, category, subcategory, costBasisUnit, estimatedCentsPerBasisUnit, gramsPerCup, conversionConfidence, costConfidence, preferredDisplayUnit, notes, createdAt, updatedAt) VALUES ('seed_ing_270', 'pepper jack', 'pepper jack', 'Dairy & Refrigerated', 'Cheese', 'GRAM', 1, 110, 'Medium', 'Medium', 'CUP', '', datetime('now'), datetime('now'));
INSERT INTO "Ingredient" (id, name, normalizedName, category, subcategory, costBasisUnit, estimatedCentsPerBasisUnit, gramsPerCup, conversionConfidence, costConfidence, preferredDisplayUnit, notes, createdAt, updatedAt) VALUES ('seed_ing_271', 'colby', 'colby', 'Dairy & Refrigerated', 'Cheese', 'GRAM', 1, 110, 'Medium', 'Medium', 'CUP', '', datetime('now'), datetime('now'));
INSERT INTO "Ingredient" (id, name, normalizedName, category, subcategory, costBasisUnit, estimatedCentsPerBasisUnit, gramsPerCup, conversionConfidence, costConfidence, preferredDisplayUnit, notes, createdAt, updatedAt) VALUES ('seed_ing_272', 'gouda', 'gouda', 'Dairy & Refrigerated', 'Cheese', 'GRAM', 1, 110, 'Medium', 'Medium', 'CUP', '', datetime('now'), datetime('now'));
INSERT INTO "Ingredient" (id, name, normalizedName, category, subcategory, costBasisUnit, estimatedCentsPerBasisUnit, gramsPerCup, conversionConfidence, costConfidence, preferredDisplayUnit, notes, createdAt, updatedAt) VALUES ('seed_ing_273', 'brie', 'brie', 'Dairy & Refrigerated', 'Cheese', 'GRAM', 1, 110, 'Medium', 'Medium', 'CUP', '', datetime('now'), datetime('now'));
INSERT INTO "Ingredient" (id, name, normalizedName, category, subcategory, costBasisUnit, estimatedCentsPerBasisUnit, gramsPerCup, conversionConfidence, costConfidence, preferredDisplayUnit, notes, createdAt, updatedAt) VALUES ('seed_ing_274', 'feta', 'feta', 'Dairy & Refrigerated', 'Cheese', 'GRAM', 1, 110, 'Medium', 'Medium', 'CUP', '', datetime('now'), datetime('now'));
INSERT INTO "Ingredient" (id, name, normalizedName, category, subcategory, costBasisUnit, estimatedCentsPerBasisUnit, gramsPerCup, conversionConfidence, costConfidence, preferredDisplayUnit, notes, createdAt, updatedAt) VALUES ('seed_ing_275', 'goat cheese', 'goat cheese', 'Dairy & Refrigerated', 'Cheese', 'GRAM', 1, 110, 'Medium', 'Medium', 'CUP', '', datetime('now'), datetime('now'));
INSERT INTO "Ingredient" (id, name, normalizedName, category, subcategory, costBasisUnit, estimatedCentsPerBasisUnit, gramsPerCup, conversionConfidence, costConfidence, preferredDisplayUnit, notes, createdAt, updatedAt) VALUES ('seed_ing_276', 'blue cheese', 'blue cheese', 'Dairy & Refrigerated', 'Cheese', 'GRAM', 1, 110, 'Medium', 'Medium', 'CUP', '', datetime('now'), datetime('now'));
INSERT INTO "Ingredient" (id, name, normalizedName, category, subcategory, costBasisUnit, estimatedCentsPerBasisUnit, gramsPerCup, conversionConfidence, costConfidence, preferredDisplayUnit, notes, createdAt, updatedAt) VALUES ('seed_ing_277', 'ricotta', 'ricotta', 'Dairy & Refrigerated', 'Cheese', 'GRAM', 1, 110, 'Medium', 'Medium', 'CUP', '', datetime('now'), datetime('now'));
INSERT INTO "Ingredient" (id, name, normalizedName, category, subcategory, costBasisUnit, estimatedCentsPerBasisUnit, gramsPerCup, conversionConfidence, costConfidence, preferredDisplayUnit, notes, createdAt, updatedAt) VALUES ('seed_ing_278', 'cottage cheese', 'cottage cheese', 'Dairy & Refrigerated', 'Cheese', 'GRAM', 1, 110, 'Medium', 'Medium', 'CUP', '', datetime('now'), datetime('now'));
INSERT INTO "Ingredient" (id, name, normalizedName, category, subcategory, costBasisUnit, estimatedCentsPerBasisUnit, gramsPerCup, conversionConfidence, costConfidence, preferredDisplayUnit, notes, createdAt, updatedAt) VALUES ('seed_ing_279', 'cream cheese', 'cream cheese', 'Dairy & Refrigerated', 'Cheese', 'CUP', 240, 225, 'Medium', 'Medium', 'CUP', '', datetime('now'), datetime('now'));
INSERT INTO "Ingredient" (id, name, normalizedName, category, subcategory, costBasisUnit, estimatedCentsPerBasisUnit, gramsPerCup, conversionConfidence, costConfidence, preferredDisplayUnit, notes, createdAt, updatedAt) VALUES ('seed_ing_280', 'mascarpone', 'mascarpone', 'Dairy & Refrigerated', 'Cheese', 'GRAM', 1, 110, 'Medium', 'Medium', 'CUP', '', datetime('now'), datetime('now'));
INSERT INTO "Ingredient" (id, name, normalizedName, category, subcategory, costBasisUnit, estimatedCentsPerBasisUnit, gramsPerCup, conversionConfidence, costConfidence, preferredDisplayUnit, notes, createdAt, updatedAt) VALUES ('seed_ing_281', 'halloumi', 'halloumi', 'Dairy & Refrigerated', 'Cheese', 'GRAM', 1, 110, 'Medium', 'Medium', 'CUP', '', datetime('now'), datetime('now'));
INSERT INTO "Ingredient" (id, name, normalizedName, category, subcategory, costBasisUnit, estimatedCentsPerBasisUnit, gramsPerCup, conversionConfidence, costConfidence, preferredDisplayUnit, notes, createdAt, updatedAt) VALUES ('seed_ing_282', 'gruyère', 'gruy re', 'Dairy & Refrigerated', 'Cheese', 'GRAM', 1, 110, 'Medium', 'Medium', 'CUP', '', datetime('now'), datetime('now'));
INSERT INTO "Ingredient" (id, name, normalizedName, category, subcategory, costBasisUnit, estimatedCentsPerBasisUnit, gramsPerCup, conversionConfidence, costConfidence, preferredDisplayUnit, notes, createdAt, updatedAt) VALUES ('seed_ing_283', 'fontina', 'fontina', 'Dairy & Refrigerated', 'Cheese', 'GRAM', 1, 110, 'Medium', 'Medium', 'CUP', '', datetime('now'), datetime('now'));
INSERT INTO "Ingredient" (id, name, normalizedName, category, subcategory, costBasisUnit, estimatedCentsPerBasisUnit, gramsPerCup, conversionConfidence, costConfidence, preferredDisplayUnit, notes, createdAt, updatedAt) VALUES ('seed_ing_284', 'havarti', 'havarti', 'Dairy & Refrigerated', 'Cheese', 'GRAM', 1, 110, 'Medium', 'Medium', 'CUP', '', datetime('now'), datetime('now'));
INSERT INTO "Ingredient" (id, name, normalizedName, category, subcategory, costBasisUnit, estimatedCentsPerBasisUnit, gramsPerCup, conversionConfidence, costConfidence, preferredDisplayUnit, notes, createdAt, updatedAt) VALUES ('seed_ing_285', 'butter', 'butter', 'Dairy & Refrigerated', 'Milk/Cream', 'GRAM', 1, 227, 'High', 'Medium', 'TBSP', '', datetime('now'), datetime('now'));
INSERT INTO "Ingredient" (id, name, normalizedName, category, subcategory, costBasisUnit, estimatedCentsPerBasisUnit, gramsPerCup, conversionConfidence, costConfidence, preferredDisplayUnit, notes, createdAt, updatedAt) VALUES ('seed_ing_286', 'ghee', 'ghee', 'Dairy & Refrigerated', 'Milk/Cream', 'GRAM', 1.3, 240, 'High', 'Medium', 'CUP', '', datetime('now'), datetime('now'));
INSERT INTO "Ingredient" (id, name, normalizedName, category, subcategory, costBasisUnit, estimatedCentsPerBasisUnit, gramsPerCup, conversionConfidence, costConfidence, preferredDisplayUnit, notes, createdAt, updatedAt) VALUES ('seed_ing_287', 'whipped cream', 'whipped cream', 'Dairy & Refrigerated', 'Milk/Cream', 'CUP', 96, 240, 'High', 'Medium', 'CUP', '', datetime('now'), datetime('now'));
INSERT INTO "Ingredient" (id, name, normalizedName, category, subcategory, costBasisUnit, estimatedCentsPerBasisUnit, gramsPerCup, conversionConfidence, costConfidence, preferredDisplayUnit, notes, createdAt, updatedAt) VALUES ('seed_ing_288', 'ice cream', 'ice cream', 'Dairy & Refrigerated', 'Milk/Cream', 'CUP', 96, 240, 'High', 'Medium', 'CUP', '', datetime('now'), datetime('now'));
INSERT INTO "Ingredient" (id, name, normalizedName, category, subcategory, costBasisUnit, estimatedCentsPerBasisUnit, gramsPerCup, conversionConfidence, costConfidence, preferredDisplayUnit, notes, createdAt, updatedAt) VALUES ('seed_ing_289', 'eggnog', 'eggnog', 'Dairy & Refrigerated', 'Milk/Cream', 'GRAM', 0.12, 240, 'High', 'Medium', 'CUP', '', datetime('now'), datetime('now'));
INSERT INTO "Ingredient" (id, name, normalizedName, category, subcategory, costBasisUnit, estimatedCentsPerBasisUnit, gramsPerCup, conversionConfidence, costConfidence, preferredDisplayUnit, notes, createdAt, updatedAt) VALUES ('seed_ing_290', 'american cheese', 'american cheese', 'Dairy & Refrigerated', 'Cheese', 'GRAM', 1, 110, 'Medium', 'Medium', 'CUP', '', datetime('now'), datetime('now'));
INSERT INTO "Ingredient" (id, name, normalizedName, category, subcategory, costBasisUnit, estimatedCentsPerBasisUnit, gramsPerCup, conversionConfidence, costConfidence, preferredDisplayUnit, notes, createdAt, updatedAt) VALUES ('seed_ing_291', 'cheddar (sharp)', 'cheddar', 'Dairy & Refrigerated', 'Cheese', 'GRAM', 1, 110, 'Medium', 'Medium', 'CUP', '', datetime('now'), datetime('now'));
INSERT INTO "Ingredient" (id, name, normalizedName, category, subcategory, costBasisUnit, estimatedCentsPerBasisUnit, gramsPerCup, conversionConfidence, costConfidence, preferredDisplayUnit, notes, createdAt, updatedAt) VALUES ('seed_ing_292', 'parmigiano-reggiano', 'parmigiano reggiano', 'Dairy & Refrigerated', 'Cheese', 'GRAM', 1, 110, 'Medium', 'Medium', 'CUP', '', datetime('now'), datetime('now'));
INSERT INTO "Ingredient" (id, name, normalizedName, category, subcategory, costBasisUnit, estimatedCentsPerBasisUnit, gramsPerCup, conversionConfidence, costConfidence, preferredDisplayUnit, notes, createdAt, updatedAt) VALUES ('seed_ing_293', 'pecorino romano', 'pecorino romano', 'Dairy & Refrigerated', 'Cheese', 'GRAM', 1, 110, 'Medium', 'Medium', 'CUP', '', datetime('now'), datetime('now'));
INSERT INTO "Ingredient" (id, name, normalizedName, category, subcategory, costBasisUnit, estimatedCentsPerBasisUnit, gramsPerCup, conversionConfidence, costConfidence, preferredDisplayUnit, notes, createdAt, updatedAt) VALUES ('seed_ing_294', 'asiago', 'asiago', 'Dairy & Refrigerated', 'Cheese', 'GRAM', 1, 110, 'Medium', 'Medium', 'CUP', '', datetime('now'), datetime('now'));
INSERT INTO "Ingredient" (id, name, normalizedName, category, subcategory, costBasisUnit, estimatedCentsPerBasisUnit, gramsPerCup, conversionConfidence, costConfidence, preferredDisplayUnit, notes, createdAt, updatedAt) VALUES ('seed_ing_295', 'cotija', 'cotija', 'Dairy & Refrigerated', 'Cheese', 'GRAM', 1, 110, 'Medium', 'Medium', 'CUP', '', datetime('now'), datetime('now'));
INSERT INTO "Ingredient" (id, name, normalizedName, category, subcategory, costBasisUnit, estimatedCentsPerBasisUnit, gramsPerCup, conversionConfidence, costConfidence, preferredDisplayUnit, notes, createdAt, updatedAt) VALUES ('seed_ing_296', 'queso fresco', 'queso fresco', 'Dairy & Refrigerated', 'Cheese', 'GRAM', 1, 110, 'Medium', 'Medium', 'CUP', '', datetime('now'), datetime('now'));
INSERT INTO "Ingredient" (id, name, normalizedName, category, subcategory, costBasisUnit, estimatedCentsPerBasisUnit, gramsPerCup, conversionConfidence, costConfidence, preferredDisplayUnit, notes, createdAt, updatedAt) VALUES ('seed_ing_297', 'queso blanco', 'queso blanco', 'Dairy & Refrigerated', 'Cheese', 'GRAM', 1, 110, 'Medium', 'Medium', 'CUP', '', datetime('now'), datetime('now'));
INSERT INTO "Ingredient" (id, name, normalizedName, category, subcategory, costBasisUnit, estimatedCentsPerBasisUnit, gramsPerCup, conversionConfidence, costConfidence, preferredDisplayUnit, notes, createdAt, updatedAt) VALUES ('seed_ing_298', 'mexican blend cheese (shredded)', 'mexican blend cheese', 'Dairy & Refrigerated', 'Cheese', 'GRAM', 1, 110, 'Medium', 'Medium', 'CUP', '', datetime('now'), datetime('now'));
INSERT INTO "Ingredient" (id, name, normalizedName, category, subcategory, costBasisUnit, estimatedCentsPerBasisUnit, gramsPerCup, conversionConfidence, costConfidence, preferredDisplayUnit, notes, createdAt, updatedAt) VALUES ('seed_ing_299', 'colby jack (shredded)', 'colby jack', 'Dairy & Refrigerated', 'Cheese', 'GRAM', 1, 110, 'Medium', 'Medium', 'CUP', '', datetime('now'), datetime('now'));
INSERT INTO "Ingredient" (id, name, normalizedName, category, subcategory, costBasisUnit, estimatedCentsPerBasisUnit, gramsPerCup, conversionConfidence, costConfidence, preferredDisplayUnit, notes, createdAt, updatedAt) VALUES ('seed_ing_300', 'velveeta', 'velveeta', 'Dairy & Refrigerated', 'Cheese', 'GRAM', 1, 110, 'Medium', 'Medium', 'CUP', '', datetime('now'), datetime('now'));
INSERT INTO "Ingredient" (id, name, normalizedName, category, subcategory, costBasisUnit, estimatedCentsPerBasisUnit, gramsPerCup, conversionConfidence, costConfidence, preferredDisplayUnit, notes, createdAt, updatedAt) VALUES ('seed_ing_301', 'neufchâtel cheese', 'neufch tel cheese', 'Dairy & Refrigerated', 'Cheese', 'GRAM', 1, 110, 'Medium', 'Medium', 'CUP', '', datetime('now'), datetime('now'));
INSERT INTO "Ingredient" (id, name, normalizedName, category, subcategory, costBasisUnit, estimatedCentsPerBasisUnit, gramsPerCup, conversionConfidence, costConfidence, preferredDisplayUnit, notes, createdAt, updatedAt) VALUES ('seed_ing_302', 'chicken broth', 'chicken broth', 'Pantry & Canned', 'Broth/Stock', 'GRAM', 0.22, 240, 'High', 'Medium', 'CUP', '', datetime('now'), datetime('now'));
INSERT INTO "Ingredient" (id, name, normalizedName, category, subcategory, costBasisUnit, estimatedCentsPerBasisUnit, gramsPerCup, conversionConfidence, costConfidence, preferredDisplayUnit, notes, createdAt, updatedAt) VALUES ('seed_ing_303', 'beef broth', 'beef broth', 'Pantry & Canned', 'Broth/Stock', 'GRAM', 0.22, 240, 'High', 'Medium', 'CUP', '', datetime('now'), datetime('now'));
INSERT INTO "Ingredient" (id, name, normalizedName, category, subcategory, costBasisUnit, estimatedCentsPerBasisUnit, gramsPerCup, conversionConfidence, costConfidence, preferredDisplayUnit, notes, createdAt, updatedAt) VALUES ('seed_ing_304', 'vegetable broth', 'vegetable broth', 'Pantry & Canned', 'Broth/Stock', 'GRAM', 0.22, 240, 'High', 'Medium', 'CUP', '', datetime('now'), datetime('now'));
INSERT INTO "Ingredient" (id, name, normalizedName, category, subcategory, costBasisUnit, estimatedCentsPerBasisUnit, gramsPerCup, conversionConfidence, costConfidence, preferredDisplayUnit, notes, createdAt, updatedAt) VALUES ('seed_ing_305', 'chicken stock', 'chicken stock', 'Pantry & Canned', 'Broth/Stock', 'GRAM', 0.22, 240, 'High', 'Medium', 'CUP', '', datetime('now'), datetime('now'));
INSERT INTO "Ingredient" (id, name, normalizedName, category, subcategory, costBasisUnit, estimatedCentsPerBasisUnit, gramsPerCup, conversionConfidence, costConfidence, preferredDisplayUnit, notes, createdAt, updatedAt) VALUES ('seed_ing_306', 'beef stock', 'beef stock', 'Pantry & Canned', 'Broth/Stock', 'GRAM', 0.22, 240, 'High', 'Medium', 'CUP', '', datetime('now'), datetime('now'));
INSERT INTO "Ingredient" (id, name, normalizedName, category, subcategory, costBasisUnit, estimatedCentsPerBasisUnit, gramsPerCup, conversionConfidence, costConfidence, preferredDisplayUnit, notes, createdAt, updatedAt) VALUES ('seed_ing_307', 'seafood stock', 'seafood stock', 'Pantry & Canned', 'Broth/Stock', 'GRAM', 0.22, 240, 'High', 'Medium', 'CUP', '', datetime('now'), datetime('now'));
INSERT INTO "Ingredient" (id, name, normalizedName, category, subcategory, costBasisUnit, estimatedCentsPerBasisUnit, gramsPerCup, conversionConfidence, costConfidence, preferredDisplayUnit, notes, createdAt, updatedAt) VALUES ('seed_ing_308', 'canned diced tomatoes', 'canned diced tomatoes', 'Pantry & Canned', 'Canned tomato', 'GRAM', 0.14, 240, 'High', 'High', 'CUP', '', datetime('now'), datetime('now'));
INSERT INTO "Ingredient" (id, name, normalizedName, category, subcategory, costBasisUnit, estimatedCentsPerBasisUnit, gramsPerCup, conversionConfidence, costConfidence, preferredDisplayUnit, notes, createdAt, updatedAt) VALUES ('seed_ing_309', 'crushed tomatoes (canned)', 'crushed tomatoes', 'Pantry & Canned', 'Canned tomato', 'GRAM', 0.14, 240, 'High', 'High', 'CUP', '', datetime('now'), datetime('now'));
INSERT INTO "Ingredient" (id, name, normalizedName, category, subcategory, costBasisUnit, estimatedCentsPerBasisUnit, gramsPerCup, conversionConfidence, costConfidence, preferredDisplayUnit, notes, createdAt, updatedAt) VALUES ('seed_ing_310', 'tomato sauce', 'tomato sauce', 'Pantry & Canned', 'Canned tomato', 'GRAM', 0.14, 240, 'High', 'High', 'CUP', '', datetime('now'), datetime('now'));
INSERT INTO "Ingredient" (id, name, normalizedName, category, subcategory, costBasisUnit, estimatedCentsPerBasisUnit, gramsPerCup, conversionConfidence, costConfidence, preferredDisplayUnit, notes, createdAt, updatedAt) VALUES ('seed_ing_311', 'tomato paste', 'tomato paste', 'Pantry & Canned', 'Canned tomato', 'GRAM', 0.25, 240, 'High', 'High', 'CUP', '', datetime('now'), datetime('now'));
INSERT INTO "Ingredient" (id, name, normalizedName, category, subcategory, costBasisUnit, estimatedCentsPerBasisUnit, gramsPerCup, conversionConfidence, costConfidence, preferredDisplayUnit, notes, createdAt, updatedAt) VALUES ('seed_ing_312', 'fire-roasted tomatoes (canned)', 'fire roasted tomatoes', 'Pantry & Canned', 'Canned tomato', 'GRAM', 0.14, 240, 'High', 'High', 'CUP', '', datetime('now'), datetime('now'));
INSERT INTO "Ingredient" (id, name, normalizedName, category, subcategory, costBasisUnit, estimatedCentsPerBasisUnit, gramsPerCup, conversionConfidence, costConfidence, preferredDisplayUnit, notes, createdAt, updatedAt) VALUES ('seed_ing_313', 'whole peeled tomatoes (canned)', 'whole peeled tomatoes', 'Pantry & Canned', 'Canned tomato', 'GRAM', 0.14, 240, 'High', 'High', 'CUP', '', datetime('now'), datetime('now'));
INSERT INTO "Ingredient" (id, name, normalizedName, category, subcategory, costBasisUnit, estimatedCentsPerBasisUnit, gramsPerCup, conversionConfidence, costConfidence, preferredDisplayUnit, notes, createdAt, updatedAt) VALUES ('seed_ing_314', 'soy sauce', 'soy sauce', 'Pantry & Canned', 'Condiment/Sauce', 'GRAM', 1, 240, 'High', 'High', 'CUP', '', datetime('now'), datetime('now'));
INSERT INTO "Ingredient" (id, name, normalizedName, category, subcategory, costBasisUnit, estimatedCentsPerBasisUnit, gramsPerCup, conversionConfidence, costConfidence, preferredDisplayUnit, notes, createdAt, updatedAt) VALUES ('seed_ing_315', 'tamari', 'tamari', 'Pantry & Canned', 'Condiment/Sauce', 'GRAM', 1, 240, 'High', 'High', 'CUP', '', datetime('now'), datetime('now'));
INSERT INTO "Ingredient" (id, name, normalizedName, category, subcategory, costBasisUnit, estimatedCentsPerBasisUnit, gramsPerCup, conversionConfidence, costConfidence, preferredDisplayUnit, notes, createdAt, updatedAt) VALUES ('seed_ing_316', 'worcestershire sauce', 'worcestershire sauce', 'Pantry & Canned', 'Condiment/Sauce', 'GRAM', 1, 240, 'High', 'High', 'CUP', '', datetime('now'), datetime('now'));
INSERT INTO "Ingredient" (id, name, normalizedName, category, subcategory, costBasisUnit, estimatedCentsPerBasisUnit, gramsPerCup, conversionConfidence, costConfidence, preferredDisplayUnit, notes, createdAt, updatedAt) VALUES ('seed_ing_317', 'fish sauce', 'fish sauce', 'Pantry & Canned', 'Condiment/Sauce', 'GRAM', 1, 240, 'High', 'High', 'CUP', '', datetime('now'), datetime('now'));
INSERT INTO "Ingredient" (id, name, normalizedName, category, subcategory, costBasisUnit, estimatedCentsPerBasisUnit, gramsPerCup, conversionConfidence, costConfidence, preferredDisplayUnit, notes, createdAt, updatedAt) VALUES ('seed_ing_318', 'hot sauce', 'hot sauce', 'Pantry & Canned', 'Condiment/Sauce', 'GRAM', 1, 240, 'High', 'High', 'CUP', '', datetime('now'), datetime('now'));
INSERT INTO "Ingredient" (id, name, normalizedName, category, subcategory, costBasisUnit, estimatedCentsPerBasisUnit, gramsPerCup, conversionConfidence, costConfidence, preferredDisplayUnit, notes, createdAt, updatedAt) VALUES ('seed_ing_319', 'ketchup', 'ketchup', 'Pantry & Canned', 'Condiment/Sauce', 'GRAM', 1, 240, 'High', 'High', 'CUP', '', datetime('now'), datetime('now'));
INSERT INTO "Ingredient" (id, name, normalizedName, category, subcategory, costBasisUnit, estimatedCentsPerBasisUnit, gramsPerCup, conversionConfidence, costConfidence, preferredDisplayUnit, notes, createdAt, updatedAt) VALUES ('seed_ing_320', 'mustard (yellow)', 'mustard', 'Pantry & Canned', 'Condiment/Sauce', 'GRAM', 1, 240, 'High', 'High', 'CUP', '', datetime('now'), datetime('now'));
INSERT INTO "Ingredient" (id, name, normalizedName, category, subcategory, costBasisUnit, estimatedCentsPerBasisUnit, gramsPerCup, conversionConfidence, costConfidence, preferredDisplayUnit, notes, createdAt, updatedAt) VALUES ('seed_ing_321', 'dijon mustard', 'dijon mustard', 'Pantry & Canned', 'Condiment/Sauce', 'GRAM', 1, 240, 'High', 'High', 'CUP', '', datetime('now'), datetime('now'));
INSERT INTO "Ingredient" (id, name, normalizedName, category, subcategory, costBasisUnit, estimatedCentsPerBasisUnit, gramsPerCup, conversionConfidence, costConfidence, preferredDisplayUnit, notes, createdAt, updatedAt) VALUES ('seed_ing_322', 'mayonnaise', 'mayonnaise', 'Pantry & Canned', 'Condiment/Sauce', 'GRAM', 1, 240, 'High', 'High', 'CUP', '', datetime('now'), datetime('now'));
INSERT INTO "Ingredient" (id, name, normalizedName, category, subcategory, costBasisUnit, estimatedCentsPerBasisUnit, gramsPerCup, conversionConfidence, costConfidence, preferredDisplayUnit, notes, createdAt, updatedAt) VALUES ('seed_ing_323', 'bbq sauce', 'bbq sauce', 'Pantry & Canned', 'Condiment/Sauce', 'GRAM', 1, 240, 'High', 'High', 'CUP', '', datetime('now'), datetime('now'));
INSERT INTO "Ingredient" (id, name, normalizedName, category, subcategory, costBasisUnit, estimatedCentsPerBasisUnit, gramsPerCup, conversionConfidence, costConfidence, preferredDisplayUnit, notes, createdAt, updatedAt) VALUES ('seed_ing_324', 'teriyaki sauce', 'teriyaki sauce', 'Pantry & Canned', 'Condiment/Sauce', 'GRAM', 1, 240, 'High', 'High', 'CUP', '', datetime('now'), datetime('now'));
INSERT INTO "Ingredient" (id, name, normalizedName, category, subcategory, costBasisUnit, estimatedCentsPerBasisUnit, gramsPerCup, conversionConfidence, costConfidence, preferredDisplayUnit, notes, createdAt, updatedAt) VALUES ('seed_ing_325', 'hoisin sauce', 'hoisin sauce', 'Pantry & Canned', 'Condiment/Sauce', 'GRAM', 1, 240, 'High', 'High', 'CUP', '', datetime('now'), datetime('now'));
INSERT INTO "Ingredient" (id, name, normalizedName, category, subcategory, costBasisUnit, estimatedCentsPerBasisUnit, gramsPerCup, conversionConfidence, costConfidence, preferredDisplayUnit, notes, createdAt, updatedAt) VALUES ('seed_ing_326', 'oyster sauce', 'oyster sauce', 'Pantry & Canned', 'Condiment/Sauce', 'GRAM', 1, 240, 'High', 'High', 'CUP', '', datetime('now'), datetime('now'));
INSERT INTO "Ingredient" (id, name, normalizedName, category, subcategory, costBasisUnit, estimatedCentsPerBasisUnit, gramsPerCup, conversionConfidence, costConfidence, preferredDisplayUnit, notes, createdAt, updatedAt) VALUES ('seed_ing_327', 'sriracha', 'sriracha', 'Pantry & Canned', 'Condiment/Sauce', 'GRAM', 1, 240, 'High', 'High', 'CUP', '', datetime('now'), datetime('now'));
INSERT INTO "Ingredient" (id, name, normalizedName, category, subcategory, costBasisUnit, estimatedCentsPerBasisUnit, gramsPerCup, conversionConfidence, costConfidence, preferredDisplayUnit, notes, createdAt, updatedAt) VALUES ('seed_ing_328', 'salsa', 'salsa', 'Pantry & Canned', 'Condiment/Sauce', 'GRAM', 1, 240, 'High', 'High', 'CUP', '', datetime('now'), datetime('now'));
INSERT INTO "Ingredient" (id, name, normalizedName, category, subcategory, costBasisUnit, estimatedCentsPerBasisUnit, gramsPerCup, conversionConfidence, costConfidence, preferredDisplayUnit, notes, createdAt, updatedAt) VALUES ('seed_ing_329', 'pasta sauce (jarred)', 'pasta sauce', 'Pantry & Canned', 'Condiment/Sauce', 'GRAM', 1, 240, 'High', 'High', 'CUP', '', datetime('now'), datetime('now'));
INSERT INTO "Ingredient" (id, name, normalizedName, category, subcategory, costBasisUnit, estimatedCentsPerBasisUnit, gramsPerCup, conversionConfidence, costConfidence, preferredDisplayUnit, notes, createdAt, updatedAt) VALUES ('seed_ing_330', 'pesto (jarred)', 'pesto', 'Pantry & Canned', 'Condiment/Sauce', 'GRAM', 1, 240, 'High', 'High', 'CUP', '', datetime('now'), datetime('now'));
INSERT INTO "Ingredient" (id, name, normalizedName, category, subcategory, costBasisUnit, estimatedCentsPerBasisUnit, gramsPerCup, conversionConfidence, costConfidence, preferredDisplayUnit, notes, createdAt, updatedAt) VALUES ('seed_ing_331', 'ranch dressing', 'ranch dressing', 'Pantry & Canned', 'Condiment/Sauce', 'GRAM', 1, 240, 'High', 'High', 'CUP', '', datetime('now'), datetime('now'));
INSERT INTO "Ingredient" (id, name, normalizedName, category, subcategory, costBasisUnit, estimatedCentsPerBasisUnit, gramsPerCup, conversionConfidence, costConfidence, preferredDisplayUnit, notes, createdAt, updatedAt) VALUES ('seed_ing_332', 'italian dressing', 'italian dressing', 'Pantry & Canned', 'Condiment/Sauce', 'GRAM', 1, 240, 'High', 'High', 'CUP', '', datetime('now'), datetime('now'));
INSERT INTO "Ingredient" (id, name, normalizedName, category, subcategory, costBasisUnit, estimatedCentsPerBasisUnit, gramsPerCup, conversionConfidence, costConfidence, preferredDisplayUnit, notes, createdAt, updatedAt) VALUES ('seed_ing_333', 'vinaigrette dressing', 'vinaigrette dressing', 'Pantry & Canned', 'Condiment/Sauce', 'GRAM', 1, 240, 'High', 'High', 'CUP', '', datetime('now'), datetime('now'));
INSERT INTO "Ingredient" (id, name, normalizedName, category, subcategory, costBasisUnit, estimatedCentsPerBasisUnit, gramsPerCup, conversionConfidence, costConfidence, preferredDisplayUnit, notes, createdAt, updatedAt) VALUES ('seed_ing_334', 'chicken bouillon', 'chicken bouillon', 'Pantry & Canned', 'Condiment/Sauce', 'GRAM', 1, 240, 'High', 'High', 'CUP', '', datetime('now'), datetime('now'));
INSERT INTO "Ingredient" (id, name, normalizedName, category, subcategory, costBasisUnit, estimatedCentsPerBasisUnit, gramsPerCup, conversionConfidence, costConfidence, preferredDisplayUnit, notes, createdAt, updatedAt) VALUES ('seed_ing_335', 'beef bouillon', 'beef bouillon', 'Pantry & Canned', 'Condiment/Sauce', 'GRAM', 1, 240, 'High', 'High', 'CUP', '', datetime('now'), datetime('now'));
INSERT INTO "Ingredient" (id, name, normalizedName, category, subcategory, costBasisUnit, estimatedCentsPerBasisUnit, gramsPerCup, conversionConfidence, costConfidence, preferredDisplayUnit, notes, createdAt, updatedAt) VALUES ('seed_ing_336', 'vegetable bouillon', 'vegetable bouillon', 'Pantry & Canned', 'Condiment/Sauce', 'GRAM', 1, 240, 'High', 'High', 'CUP', '', datetime('now'), datetime('now'));
INSERT INTO "Ingredient" (id, name, normalizedName, category, subcategory, costBasisUnit, estimatedCentsPerBasisUnit, gramsPerCup, conversionConfidence, costConfidence, preferredDisplayUnit, notes, createdAt, updatedAt) VALUES ('seed_ing_337', 'coconut milk (canned)', 'coconut milk', 'Pantry & Canned', 'Condiment/Sauce', 'CUP', 120, 240, 'High', 'High', 'CUP', '', datetime('now'), datetime('now'));
INSERT INTO "Ingredient" (id, name, normalizedName, category, subcategory, costBasisUnit, estimatedCentsPerBasisUnit, gramsPerCup, conversionConfidence, costConfidence, preferredDisplayUnit, notes, createdAt, updatedAt) VALUES ('seed_ing_338', 'coconut cream', 'coconut cream', 'Pantry & Canned', 'Condiment/Sauce', 'CUP', 120, 240, 'High', 'High', 'CUP', '', datetime('now'), datetime('now'));
INSERT INTO "Ingredient" (id, name, normalizedName, category, subcategory, costBasisUnit, estimatedCentsPerBasisUnit, gramsPerCup, conversionConfidence, costConfidence, preferredDisplayUnit, notes, createdAt, updatedAt) VALUES ('seed_ing_339', 'evaporated milk', 'evaporated milk', 'Pantry & Canned', 'Condiment/Sauce', 'GRAM', 1, 240, 'High', 'High', 'CUP', '', datetime('now'), datetime('now'));
INSERT INTO "Ingredient" (id, name, normalizedName, category, subcategory, costBasisUnit, estimatedCentsPerBasisUnit, gramsPerCup, conversionConfidence, costConfidence, preferredDisplayUnit, notes, createdAt, updatedAt) VALUES ('seed_ing_340', 'sweetened condensed milk', 'sweetened condensed milk', 'Pantry & Canned', 'Condiment/Sauce', 'CUP', 120, 240, 'High', 'High', 'CUP', '', datetime('now'), datetime('now'));
INSERT INTO "Ingredient" (id, name, normalizedName, category, subcategory, costBasisUnit, estimatedCentsPerBasisUnit, gramsPerCup, conversionConfidence, costConfidence, preferredDisplayUnit, notes, createdAt, updatedAt) VALUES ('seed_ing_341', 'all-purpose seasoning', 'all purpose seasoning', 'Pantry & Canned', 'Condiment/Sauce', 'GRAM', 1, 240, 'High', 'High', 'CUP', '', datetime('now'), datetime('now'));
INSERT INTO "Ingredient" (id, name, normalizedName, category, subcategory, costBasisUnit, estimatedCentsPerBasisUnit, gramsPerCup, conversionConfidence, costConfidence, preferredDisplayUnit, notes, createdAt, updatedAt) VALUES ('seed_ing_342', 'chicken seasoning blend', 'chicken seasoning blend', 'Pantry & Canned', 'Condiment/Sauce', 'GRAM', 1, 240, 'High', 'High', 'CUP', '', datetime('now'), datetime('now'));
INSERT INTO "Ingredient" (id, name, normalizedName, category, subcategory, costBasisUnit, estimatedCentsPerBasisUnit, gramsPerCup, conversionConfidence, costConfidence, preferredDisplayUnit, notes, createdAt, updatedAt) VALUES ('seed_ing_343', 'taco seasoning', 'taco seasoning', 'Pantry & Canned', 'Condiment/Sauce', 'GRAM', 1, 240, 'High', 'High', 'CUP', '', datetime('now'), datetime('now'));
INSERT INTO "Ingredient" (id, name, normalizedName, category, subcategory, costBasisUnit, estimatedCentsPerBasisUnit, gramsPerCup, conversionConfidence, costConfidence, preferredDisplayUnit, notes, createdAt, updatedAt) VALUES ('seed_ing_344', 'bread crumbs', 'bread crumbs', 'Pantry & Canned', 'Condiment/Sauce', 'GRAM', 1, 240, 'High', 'High', 'CUP', '', datetime('now'), datetime('now'));
INSERT INTO "Ingredient" (id, name, normalizedName, category, subcategory, costBasisUnit, estimatedCentsPerBasisUnit, gramsPerCup, conversionConfidence, costConfidence, preferredDisplayUnit, notes, createdAt, updatedAt) VALUES ('seed_ing_345', 'panko bread crumbs', 'panko bread crumbs', 'Pantry & Canned', 'Condiment/Sauce', 'GRAM', 1, 240, 'High', 'High', 'CUP', '', datetime('now'), datetime('now'));
INSERT INTO "Ingredient" (id, name, normalizedName, category, subcategory, costBasisUnit, estimatedCentsPerBasisUnit, gramsPerCup, conversionConfidence, costConfidence, preferredDisplayUnit, notes, createdAt, updatedAt) VALUES ('seed_ing_346', 'crackers (crumbs)', 'crackers', 'Pantry & Canned', 'Condiment/Sauce', 'GRAM', 1, 240, 'High', 'High', 'CUP', '', datetime('now'), datetime('now'));
INSERT INTO "Ingredient" (id, name, normalizedName, category, subcategory, costBasisUnit, estimatedCentsPerBasisUnit, gramsPerCup, conversionConfidence, costConfidence, preferredDisplayUnit, notes, createdAt, updatedAt) VALUES ('seed_ing_347', 'tortilla chips (crumbs)', 'tortilla chips', 'Pantry & Canned', 'Condiment/Sauce', 'GRAM', 1, 240, 'High', 'High', 'CUP', '', datetime('now'), datetime('now'));
INSERT INTO "Ingredient" (id, name, normalizedName, category, subcategory, costBasisUnit, estimatedCentsPerBasisUnit, gramsPerCup, conversionConfidence, costConfidence, preferredDisplayUnit, notes, createdAt, updatedAt) VALUES ('seed_ing_348', 'olives (sliced)', 'olives', 'Pantry & Canned', 'Condiment/Sauce', 'GRAM', 1, 240, 'High', 'High', 'CUP', '', datetime('now'), datetime('now'));
INSERT INTO "Ingredient" (id, name, normalizedName, category, subcategory, costBasisUnit, estimatedCentsPerBasisUnit, gramsPerCup, conversionConfidence, costConfidence, preferredDisplayUnit, notes, createdAt, updatedAt) VALUES ('seed_ing_349', 'capers', 'capers', 'Pantry & Canned', 'Condiment/Sauce', 'GRAM', 1, 240, 'High', 'High', 'CUP', '', datetime('now'), datetime('now'));
INSERT INTO "Ingredient" (id, name, normalizedName, category, subcategory, costBasisUnit, estimatedCentsPerBasisUnit, gramsPerCup, conversionConfidence, costConfidence, preferredDisplayUnit, notes, createdAt, updatedAt) VALUES ('seed_ing_350', 'pickles', 'pickles', 'Pantry & Canned', 'Condiment/Sauce', 'GRAM', 1, 240, 'High', 'High', 'CUP', '', datetime('now'), datetime('now'));
INSERT INTO "Ingredient" (id, name, normalizedName, category, subcategory, costBasisUnit, estimatedCentsPerBasisUnit, gramsPerCup, conversionConfidence, costConfidence, preferredDisplayUnit, notes, createdAt, updatedAt) VALUES ('seed_ing_351', 'relish', 'relish', 'Pantry & Canned', 'Condiment/Sauce', 'GRAM', 1, 240, 'High', 'High', 'CUP', '', datetime('now'), datetime('now'));
INSERT INTO "Ingredient" (id, name, normalizedName, category, subcategory, costBasisUnit, estimatedCentsPerBasisUnit, gramsPerCup, conversionConfidence, costConfidence, preferredDisplayUnit, notes, createdAt, updatedAt) VALUES ('seed_ing_352', 'jam', 'jam', 'Pantry & Canned', 'Condiment/Sauce', 'GRAM', 1, 240, 'High', 'High', 'CUP', '', datetime('now'), datetime('now'));
INSERT INTO "Ingredient" (id, name, normalizedName, category, subcategory, costBasisUnit, estimatedCentsPerBasisUnit, gramsPerCup, conversionConfidence, costConfidence, preferredDisplayUnit, notes, createdAt, updatedAt) VALUES ('seed_ing_353', 'jelly', 'jelly', 'Pantry & Canned', 'Condiment/Sauce', 'GRAM', 1, 240, 'High', 'High', 'CUP', '', datetime('now'), datetime('now'));
INSERT INTO "Ingredient" (id, name, normalizedName, category, subcategory, costBasisUnit, estimatedCentsPerBasisUnit, gramsPerCup, conversionConfidence, costConfidence, preferredDisplayUnit, notes, createdAt, updatedAt) VALUES ('seed_ing_354', 'black olives', 'black olives', 'Pantry & Canned', 'Condiment/Sauce', 'GRAM', 1, 240, 'High', 'High', 'CUP', '', datetime('now'), datetime('now'));
INSERT INTO "Ingredient" (id, name, normalizedName, category, subcategory, costBasisUnit, estimatedCentsPerBasisUnit, gramsPerCup, conversionConfidence, costConfidence, preferredDisplayUnit, notes, createdAt, updatedAt) VALUES ('seed_ing_355', 'green olives', 'green olives', 'Pantry & Canned', 'Condiment/Sauce', 'GRAM', 1, 240, 'High', 'High', 'CUP', '', datetime('now'), datetime('now'));
INSERT INTO "Ingredient" (id, name, normalizedName, category, subcategory, costBasisUnit, estimatedCentsPerBasisUnit, gramsPerCup, conversionConfidence, costConfidence, preferredDisplayUnit, notes, createdAt, updatedAt) VALUES ('seed_ing_356', 'dill pickles', 'dill pickles', 'Pantry & Canned', 'Condiment/Sauce', 'GRAM', 1, 240, 'High', 'High', 'CUP', '', datetime('now'), datetime('now'));
INSERT INTO "Ingredient" (id, name, normalizedName, category, subcategory, costBasisUnit, estimatedCentsPerBasisUnit, gramsPerCup, conversionConfidence, costConfidence, preferredDisplayUnit, notes, createdAt, updatedAt) VALUES ('seed_ing_357', 'sweet pickles', 'sweet pickles', 'Pantry & Canned', 'Condiment/Sauce', 'GRAM', 1, 240, 'High', 'High', 'CUP', '', datetime('now'), datetime('now'));
INSERT INTO "Ingredient" (id, name, normalizedName, category, subcategory, costBasisUnit, estimatedCentsPerBasisUnit, gramsPerCup, conversionConfidence, costConfidence, preferredDisplayUnit, notes, createdAt, updatedAt) VALUES ('seed_ing_358', 'pepperoncini', 'pepperoncini', 'Pantry & Canned', 'Condiment/Sauce', 'GRAM', 1, 240, 'High', 'High', 'CUP', '', datetime('now'), datetime('now'));
INSERT INTO "Ingredient" (id, name, normalizedName, category, subcategory, costBasisUnit, estimatedCentsPerBasisUnit, gramsPerCup, conversionConfidence, costConfidence, preferredDisplayUnit, notes, createdAt, updatedAt) VALUES ('seed_ing_359', 'banana peppers', 'banana peppers', 'Pantry & Canned', 'Condiment/Sauce', 'GRAM', 1, 240, 'High', 'High', 'CUP', '', datetime('now'), datetime('now'));
INSERT INTO "Ingredient" (id, name, normalizedName, category, subcategory, costBasisUnit, estimatedCentsPerBasisUnit, gramsPerCup, conversionConfidence, costConfidence, preferredDisplayUnit, notes, createdAt, updatedAt) VALUES ('seed_ing_360', 'roasted red peppers (jarred)', 'roasted red peppers', 'Pantry & Canned', 'Condiment/Sauce', 'GRAM', 1, 240, 'High', 'High', 'CUP', '', datetime('now'), datetime('now'));
INSERT INTO "Ingredient" (id, name, normalizedName, category, subcategory, costBasisUnit, estimatedCentsPerBasisUnit, gramsPerCup, conversionConfidence, costConfidence, preferredDisplayUnit, notes, createdAt, updatedAt) VALUES ('seed_ing_361', 'sauerkraut', 'sauerkraut', 'Pantry & Canned', 'Condiment/Sauce', 'GRAM', 1, 240, 'High', 'High', 'CUP', '', datetime('now'), datetime('now'));
INSERT INTO "Ingredient" (id, name, normalizedName, category, subcategory, costBasisUnit, estimatedCentsPerBasisUnit, gramsPerCup, conversionConfidence, costConfidence, preferredDisplayUnit, notes, createdAt, updatedAt) VALUES ('seed_ing_362', 'kimchi', 'kimchi', 'Pantry & Canned', 'Condiment/Sauce', 'GRAM', 1, 240, 'High', 'High', 'CUP', '', datetime('now'), datetime('now'));
INSERT INTO "Ingredient" (id, name, normalizedName, category, subcategory, costBasisUnit, estimatedCentsPerBasisUnit, gramsPerCup, conversionConfidence, costConfidence, preferredDisplayUnit, notes, createdAt, updatedAt) VALUES ('seed_ing_363', 'sourdough starter', 'sourdough starter', 'Pantry & Canned', 'Condiment/Sauce', 'GRAM', 1, 240, 'High', 'High', 'CUP', '', datetime('now'), datetime('now'));
INSERT INTO "Ingredient" (id, name, normalizedName, category, subcategory, costBasisUnit, estimatedCentsPerBasisUnit, gramsPerCup, conversionConfidence, costConfidence, preferredDisplayUnit, notes, createdAt, updatedAt) VALUES ('seed_ing_364', 'tortillas (flour)', 'tortillas', 'Pantry & Canned', 'Condiment/Sauce', 'GRAM', 1, 240, 'High', 'High', 'CUP', '', datetime('now'), datetime('now'));
INSERT INTO "Ingredient" (id, name, normalizedName, category, subcategory, costBasisUnit, estimatedCentsPerBasisUnit, gramsPerCup, conversionConfidence, costConfidence, preferredDisplayUnit, notes, createdAt, updatedAt) VALUES ('seed_ing_365', 'corn tortillas (cut)', 'corn tortillas', 'Pantry & Canned', 'Condiment/Sauce', 'GRAM', 1, 240, 'High', 'High', 'CUP', '', datetime('now'), datetime('now'));
INSERT INTO "Ingredient" (id, name, normalizedName, category, subcategory, costBasisUnit, estimatedCentsPerBasisUnit, gramsPerCup, conversionConfidence, costConfidence, preferredDisplayUnit, notes, createdAt, updatedAt) VALUES ('seed_ing_366', 'taco shells', 'taco shells', 'Pantry & Canned', 'Condiment/Sauce', 'GRAM', 1, 240, 'High', 'High', 'CUP', '', datetime('now'), datetime('now'));
INSERT INTO "Ingredient" (id, name, normalizedName, category, subcategory, costBasisUnit, estimatedCentsPerBasisUnit, gramsPerCup, conversionConfidence, costConfidence, preferredDisplayUnit, notes, createdAt, updatedAt) VALUES ('seed_ing_367', 'pita bread', 'pita bread', 'Pantry & Canned', 'Condiment/Sauce', 'GRAM', 1, 240, 'High', 'High', 'CUP', '', datetime('now'), datetime('now'));
INSERT INTO "Ingredient" (id, name, normalizedName, category, subcategory, costBasisUnit, estimatedCentsPerBasisUnit, gramsPerCup, conversionConfidence, costConfidence, preferredDisplayUnit, notes, createdAt, updatedAt) VALUES ('seed_ing_368', 'naan', 'naan', 'Pantry & Canned', 'Condiment/Sauce', 'GRAM', 1, 240, 'High', 'High', 'CUP', '', datetime('now'), datetime('now'));
INSERT INTO "Ingredient" (id, name, normalizedName, category, subcategory, costBasisUnit, estimatedCentsPerBasisUnit, gramsPerCup, conversionConfidence, costConfidence, preferredDisplayUnit, notes, createdAt, updatedAt) VALUES ('seed_ing_369', 'bagel (crumbs)', 'bagel', 'Pantry & Canned', 'Condiment/Sauce', 'GRAM', 1, 240, 'High', 'High', 'CUP', '', datetime('now'), datetime('now'));
INSERT INTO "Ingredient" (id, name, normalizedName, category, subcategory, costBasisUnit, estimatedCentsPerBasisUnit, gramsPerCup, conversionConfidence, costConfidence, preferredDisplayUnit, notes, createdAt, updatedAt) VALUES ('seed_ing_370', 'bread (crumbs)', 'bread', 'Pantry & Canned', 'Condiment/Sauce', 'GRAM', 1, 240, 'High', 'High', 'CUP', '', datetime('now'), datetime('now'));
INSERT INTO "Ingredient" (id, name, normalizedName, category, subcategory, costBasisUnit, estimatedCentsPerBasisUnit, gramsPerCup, conversionConfidence, costConfidence, preferredDisplayUnit, notes, createdAt, updatedAt) VALUES ('seed_ing_371', 'canned corn', 'canned corn', 'Pantry & Canned', 'Condiment/Sauce', 'GRAM', 1, 240, 'High', 'High', 'CUP', '', datetime('now'), datetime('now'));
INSERT INTO "Ingredient" (id, name, normalizedName, category, subcategory, costBasisUnit, estimatedCentsPerBasisUnit, gramsPerCup, conversionConfidence, costConfidence, preferredDisplayUnit, notes, createdAt, updatedAt) VALUES ('seed_ing_372', 'canned green beans', 'canned green beans', 'Pantry & Canned', 'Condiment/Sauce', 'GRAM', 1, 240, 'High', 'High', 'CUP', '', datetime('now'), datetime('now'));
INSERT INTO "Ingredient" (id, name, normalizedName, category, subcategory, costBasisUnit, estimatedCentsPerBasisUnit, gramsPerCup, conversionConfidence, costConfidence, preferredDisplayUnit, notes, createdAt, updatedAt) VALUES ('seed_ing_373', 'canned peas', 'canned peas', 'Pantry & Canned', 'Condiment/Sauce', 'GRAM', 1, 240, 'High', 'High', 'CUP', '', datetime('now'), datetime('now'));
INSERT INTO "Ingredient" (id, name, normalizedName, category, subcategory, costBasisUnit, estimatedCentsPerBasisUnit, gramsPerCup, conversionConfidence, costConfidence, preferredDisplayUnit, notes, createdAt, updatedAt) VALUES ('seed_ing_374', 'canned mushrooms', 'canned mushrooms', 'Pantry & Canned', 'Condiment/Sauce', 'GRAM', 1, 240, 'High', 'High', 'CUP', '', datetime('now'), datetime('now'));
INSERT INTO "Ingredient" (id, name, normalizedName, category, subcategory, costBasisUnit, estimatedCentsPerBasisUnit, gramsPerCup, conversionConfidence, costConfidence, preferredDisplayUnit, notes, createdAt, updatedAt) VALUES ('seed_ing_375', 'canned pumpkin', 'canned pumpkin', 'Pantry & Canned', 'Condiment/Sauce', 'GRAM', 1, 240, 'High', 'High', 'CUP', '', datetime('now'), datetime('now'));
INSERT INTO "Ingredient" (id, name, normalizedName, category, subcategory, costBasisUnit, estimatedCentsPerBasisUnit, gramsPerCup, conversionConfidence, costConfidence, preferredDisplayUnit, notes, createdAt, updatedAt) VALUES ('seed_ing_376', 'canned black beans', 'canned black beans', 'Pantry & Canned', 'Condiment/Sauce', 'GRAM', 1, 240, 'High', 'High', 'CUP', '', datetime('now'), datetime('now'));
INSERT INTO "Ingredient" (id, name, normalizedName, category, subcategory, costBasisUnit, estimatedCentsPerBasisUnit, gramsPerCup, conversionConfidence, costConfidence, preferredDisplayUnit, notes, createdAt, updatedAt) VALUES ('seed_ing_377', 'canned chickpeas', 'canned chickpeas', 'Pantry & Canned', 'Condiment/Sauce', 'GRAM', 1, 240, 'High', 'High', 'CUP', '', datetime('now'), datetime('now'));
INSERT INTO "Ingredient" (id, name, normalizedName, category, subcategory, costBasisUnit, estimatedCentsPerBasisUnit, gramsPerCup, conversionConfidence, costConfidence, preferredDisplayUnit, notes, createdAt, updatedAt) VALUES ('seed_ing_378', 'canned salmon', 'canned salmon', 'Pantry & Canned', 'Condiment/Sauce', 'GRAM', 1, 240, 'High', 'High', 'CUP', '', datetime('now'), datetime('now'));
INSERT INTO "Ingredient" (id, name, normalizedName, category, subcategory, costBasisUnit, estimatedCentsPerBasisUnit, gramsPerCup, conversionConfidence, costConfidence, preferredDisplayUnit, notes, createdAt, updatedAt) VALUES ('seed_ing_379', 'canned sardines', 'canned sardines', 'Pantry & Canned', 'Condiment/Sauce', 'GRAM', 1, 240, 'High', 'High', 'CUP', '', datetime('now'), datetime('now'));
INSERT INTO "Ingredient" (id, name, normalizedName, category, subcategory, costBasisUnit, estimatedCentsPerBasisUnit, gramsPerCup, conversionConfidence, costConfidence, preferredDisplayUnit, notes, createdAt, updatedAt) VALUES ('seed_ing_380', 'canned coconut milk (lite)', 'canned coconut milk', 'Pantry & Canned', 'Condiment/Sauce', 'CUP', 120, 240, 'High', 'High', 'CUP', '', datetime('now'), datetime('now'));
INSERT INTO "Ingredient" (id, name, normalizedName, category, subcategory, costBasisUnit, estimatedCentsPerBasisUnit, gramsPerCup, conversionConfidence, costConfidence, preferredDisplayUnit, notes, createdAt, updatedAt) VALUES ('seed_ing_381', 'canned refried beans', 'canned refried beans', 'Pantry & Canned', 'Condiment/Sauce', 'GRAM', 1, 240, 'High', 'High', 'CUP', '', datetime('now'), datetime('now'));
INSERT INTO "Ingredient" (id, name, normalizedName, category, subcategory, costBasisUnit, estimatedCentsPerBasisUnit, gramsPerCup, conversionConfidence, costConfidence, preferredDisplayUnit, notes, createdAt, updatedAt) VALUES ('seed_ing_382', 'canned enchilada sauce', 'canned enchilada sauce', 'Pantry & Canned', 'Condiment/Sauce', 'GRAM', 1, 240, 'High', 'High', 'CUP', '', datetime('now'), datetime('now'));
INSERT INTO "Ingredient" (id, name, normalizedName, category, subcategory, costBasisUnit, estimatedCentsPerBasisUnit, gramsPerCup, conversionConfidence, costConfidence, preferredDisplayUnit, notes, createdAt, updatedAt) VALUES ('seed_ing_383', 'white rice (dry)', 'white rice', 'Grains & Pasta', 'Rice/Grain (dry)', 'GRAM', 0.22, 185, 'High', 'High', 'CUP', '', datetime('now'), datetime('now'));
INSERT INTO "Ingredient" (id, name, normalizedName, category, subcategory, costBasisUnit, estimatedCentsPerBasisUnit, gramsPerCup, conversionConfidence, costConfidence, preferredDisplayUnit, notes, createdAt, updatedAt) VALUES ('seed_ing_384', 'brown rice (dry)', 'brown rice', 'Grains & Pasta', 'Rice/Grain (dry)', 'GRAM', 1, 195, 'High', 'High', 'CUP', '', datetime('now'), datetime('now'));
INSERT INTO "Ingredient" (id, name, normalizedName, category, subcategory, costBasisUnit, estimatedCentsPerBasisUnit, gramsPerCup, conversionConfidence, costConfidence, preferredDisplayUnit, notes, createdAt, updatedAt) VALUES ('seed_ing_385', 'jasmine rice (dry)', 'jasmine rice', 'Grains & Pasta', 'Rice/Grain (dry)', 'GRAM', 0.22, 190, 'High', 'High', 'CUP', '', datetime('now'), datetime('now'));
INSERT INTO "Ingredient" (id, name, normalizedName, category, subcategory, costBasisUnit, estimatedCentsPerBasisUnit, gramsPerCup, conversionConfidence, costConfidence, preferredDisplayUnit, notes, createdAt, updatedAt) VALUES ('seed_ing_386', 'basmati rice (dry)', 'basmati rice', 'Grains & Pasta', 'Rice/Grain (dry)', 'GRAM', 0.22, 190, 'High', 'High', 'CUP', '', datetime('now'), datetime('now'));
INSERT INTO "Ingredient" (id, name, normalizedName, category, subcategory, costBasisUnit, estimatedCentsPerBasisUnit, gramsPerCup, conversionConfidence, costConfidence, preferredDisplayUnit, notes, createdAt, updatedAt) VALUES ('seed_ing_387', 'arborio rice (dry)', 'arborio rice', 'Grains & Pasta', 'Rice/Grain (dry)', 'GRAM', 0.22, 190, 'High', 'High', 'CUP', '', datetime('now'), datetime('now'));
INSERT INTO "Ingredient" (id, name, normalizedName, category, subcategory, costBasisUnit, estimatedCentsPerBasisUnit, gramsPerCup, conversionConfidence, costConfidence, preferredDisplayUnit, notes, createdAt, updatedAt) VALUES ('seed_ing_388', 'quinoa (dry)', 'quinoa', 'Grains & Pasta', 'Rice/Grain (dry)', 'GRAM', 0.22, 190, 'High', 'High', 'CUP', '', datetime('now'), datetime('now'));
INSERT INTO "Ingredient" (id, name, normalizedName, category, subcategory, costBasisUnit, estimatedCentsPerBasisUnit, gramsPerCup, conversionConfidence, costConfidence, preferredDisplayUnit, notes, createdAt, updatedAt) VALUES ('seed_ing_389', 'pearl barley (dry)', 'pearl barley', 'Grains & Pasta', 'Rice/Grain (dry)', 'GRAM', 0.22, 190, 'High', 'High', 'CUP', '', datetime('now'), datetime('now'));
INSERT INTO "Ingredient" (id, name, normalizedName, category, subcategory, costBasisUnit, estimatedCentsPerBasisUnit, gramsPerCup, conversionConfidence, costConfidence, preferredDisplayUnit, notes, createdAt, updatedAt) VALUES ('seed_ing_390', 'farro (dry)', 'farro', 'Grains & Pasta', 'Rice/Grain (dry)', 'GRAM', 0.22, 190, 'High', 'High', 'CUP', '', datetime('now'), datetime('now'));
INSERT INTO "Ingredient" (id, name, normalizedName, category, subcategory, costBasisUnit, estimatedCentsPerBasisUnit, gramsPerCup, conversionConfidence, costConfidence, preferredDisplayUnit, notes, createdAt, updatedAt) VALUES ('seed_ing_391', 'bulgur (dry)', 'bulgur', 'Grains & Pasta', 'Rice/Grain (dry)', 'GRAM', 0.22, 190, 'High', 'High', 'CUP', '', datetime('now'), datetime('now'));
INSERT INTO "Ingredient" (id, name, normalizedName, category, subcategory, costBasisUnit, estimatedCentsPerBasisUnit, gramsPerCup, conversionConfidence, costConfidence, preferredDisplayUnit, notes, createdAt, updatedAt) VALUES ('seed_ing_392', 'couscous (dry)', 'couscous', 'Grains & Pasta', 'Rice/Grain (dry)', 'GRAM', 0.22, 190, 'High', 'High', 'CUP', '', datetime('now'), datetime('now'));
INSERT INTO "Ingredient" (id, name, normalizedName, category, subcategory, costBasisUnit, estimatedCentsPerBasisUnit, gramsPerCup, conversionConfidence, costConfidence, preferredDisplayUnit, notes, createdAt, updatedAt) VALUES ('seed_ing_393', 'rolled oats', 'rolled oats', 'Grains & Pasta', 'Rice/Grain (dry)', 'GRAM', 1, 90, 'High', 'High', 'CUP', '', datetime('now'), datetime('now'));
INSERT INTO "Ingredient" (id, name, normalizedName, category, subcategory, costBasisUnit, estimatedCentsPerBasisUnit, gramsPerCup, conversionConfidence, costConfidence, preferredDisplayUnit, notes, createdAt, updatedAt) VALUES ('seed_ing_394', 'steel-cut oats', 'steel cut oats', 'Grains & Pasta', 'Rice/Grain (dry)', 'GRAM', 0.22, 190, 'High', 'High', 'CUP', '', datetime('now'), datetime('now'));
INSERT INTO "Ingredient" (id, name, normalizedName, category, subcategory, costBasisUnit, estimatedCentsPerBasisUnit, gramsPerCup, conversionConfidence, costConfidence, preferredDisplayUnit, notes, createdAt, updatedAt) VALUES ('seed_ing_395', 'instant oats', 'instant oats', 'Grains & Pasta', 'Rice/Grain (dry)', 'GRAM', 0.22, 190, 'High', 'High', 'CUP', '', datetime('now'), datetime('now'));
INSERT INTO "Ingredient" (id, name, normalizedName, category, subcategory, costBasisUnit, estimatedCentsPerBasisUnit, gramsPerCup, conversionConfidence, costConfidence, preferredDisplayUnit, notes, createdAt, updatedAt) VALUES ('seed_ing_396', 'grits (dry)', 'grits', 'Grains & Pasta', 'Rice/Grain (dry)', 'GRAM', 0.22, 190, 'High', 'High', 'CUP', '', datetime('now'), datetime('now'));
INSERT INTO "Ingredient" (id, name, normalizedName, category, subcategory, costBasisUnit, estimatedCentsPerBasisUnit, gramsPerCup, conversionConfidence, costConfidence, preferredDisplayUnit, notes, createdAt, updatedAt) VALUES ('seed_ing_397', 'polenta (dry)', 'polenta', 'Grains & Pasta', 'Rice/Grain (dry)', 'GRAM', 0.22, 190, 'High', 'High', 'CUP', '', datetime('now'), datetime('now'));
INSERT INTO "Ingredient" (id, name, normalizedName, category, subcategory, costBasisUnit, estimatedCentsPerBasisUnit, gramsPerCup, conversionConfidence, costConfidence, preferredDisplayUnit, notes, createdAt, updatedAt) VALUES ('seed_ing_398', 'spaghetti (dry)', 'spaghetti', 'Grains & Pasta', 'Pasta (dry)', 'GRAM', 0.22, 100, 'Medium', 'High', 'CUP', '', datetime('now'), datetime('now'));
INSERT INTO "Ingredient" (id, name, normalizedName, category, subcategory, costBasisUnit, estimatedCentsPerBasisUnit, gramsPerCup, conversionConfidence, costConfidence, preferredDisplayUnit, notes, createdAt, updatedAt) VALUES ('seed_ing_399', 'penne (dry)', 'penne', 'Grains & Pasta', 'Pasta (dry)', 'GRAM', 0.22, 100, 'Medium', 'High', 'CUP', '', datetime('now'), datetime('now'));
INSERT INTO "Ingredient" (id, name, normalizedName, category, subcategory, costBasisUnit, estimatedCentsPerBasisUnit, gramsPerCup, conversionConfidence, costConfidence, preferredDisplayUnit, notes, createdAt, updatedAt) VALUES ('seed_ing_400', 'fusilli (dry)', 'fusilli', 'Grains & Pasta', 'Pasta (dry)', 'GRAM', 0.22, 100, 'Medium', 'High', 'CUP', '', datetime('now'), datetime('now'));
INSERT INTO "Ingredient" (id, name, normalizedName, category, subcategory, costBasisUnit, estimatedCentsPerBasisUnit, gramsPerCup, conversionConfidence, costConfidence, preferredDisplayUnit, notes, createdAt, updatedAt) VALUES ('seed_ing_401', 'rigatoni (dry)', 'rigatoni', 'Grains & Pasta', 'Pasta (dry)', 'GRAM', 0.22, 100, 'Medium', 'High', 'CUP', '', datetime('now'), datetime('now'));
INSERT INTO "Ingredient" (id, name, normalizedName, category, subcategory, costBasisUnit, estimatedCentsPerBasisUnit, gramsPerCup, conversionConfidence, costConfidence, preferredDisplayUnit, notes, createdAt, updatedAt) VALUES ('seed_ing_402', 'fettuccine (dry)', 'fettuccine', 'Grains & Pasta', 'Pasta (dry)', 'GRAM', 0.22, 100, 'Medium', 'High', 'CUP', '', datetime('now'), datetime('now'));
INSERT INTO "Ingredient" (id, name, normalizedName, category, subcategory, costBasisUnit, estimatedCentsPerBasisUnit, gramsPerCup, conversionConfidence, costConfidence, preferredDisplayUnit, notes, createdAt, updatedAt) VALUES ('seed_ing_403', 'linguine (dry)', 'linguine', 'Grains & Pasta', 'Pasta (dry)', 'GRAM', 0.22, 100, 'Medium', 'High', 'CUP', '', datetime('now'), datetime('now'));
INSERT INTO "Ingredient" (id, name, normalizedName, category, subcategory, costBasisUnit, estimatedCentsPerBasisUnit, gramsPerCup, conversionConfidence, costConfidence, preferredDisplayUnit, notes, createdAt, updatedAt) VALUES ('seed_ing_404', 'macaroni (dry)', 'macaroni', 'Grains & Pasta', 'Pasta (dry)', 'GRAM', 0.22, 100, 'Medium', 'High', 'CUP', '', datetime('now'), datetime('now'));
INSERT INTO "Ingredient" (id, name, normalizedName, category, subcategory, costBasisUnit, estimatedCentsPerBasisUnit, gramsPerCup, conversionConfidence, costConfidence, preferredDisplayUnit, notes, createdAt, updatedAt) VALUES ('seed_ing_405', 'lasagna noodles (dry)', 'lasagna noodles', 'Grains & Pasta', 'Pasta (dry)', 'GRAM', 0.22, 100, 'Medium', 'High', 'CUP', '', datetime('now'), datetime('now'));
INSERT INTO "Ingredient" (id, name, normalizedName, category, subcategory, costBasisUnit, estimatedCentsPerBasisUnit, gramsPerCup, conversionConfidence, costConfidence, preferredDisplayUnit, notes, createdAt, updatedAt) VALUES ('seed_ing_406', 'orzo (dry)', 'orzo', 'Grains & Pasta', 'Pasta (dry)', 'GRAM', 0.22, 100, 'Medium', 'High', 'CUP', '', datetime('now'), datetime('now'));
INSERT INTO "Ingredient" (id, name, normalizedName, category, subcategory, costBasisUnit, estimatedCentsPerBasisUnit, gramsPerCup, conversionConfidence, costConfidence, preferredDisplayUnit, notes, createdAt, updatedAt) VALUES ('seed_ing_407', 'egg noodles (dry)', 'egg noodles', 'Grains & Pasta', 'Pasta (dry)', 'GRAM', 0.22, 100, 'Medium', 'High', 'CUP', '', datetime('now'), datetime('now'));
INSERT INTO "Ingredient" (id, name, normalizedName, category, subcategory, costBasisUnit, estimatedCentsPerBasisUnit, gramsPerCup, conversionConfidence, costConfidence, preferredDisplayUnit, notes, createdAt, updatedAt) VALUES ('seed_ing_408', 'rice noodles (dry)', 'rice noodles', 'Grains & Pasta', 'Pasta (dry)', 'GRAM', 0.22, 100, 'Medium', 'High', 'CUP', '', datetime('now'), datetime('now'));
INSERT INTO "Ingredient" (id, name, normalizedName, category, subcategory, costBasisUnit, estimatedCentsPerBasisUnit, gramsPerCup, conversionConfidence, costConfidence, preferredDisplayUnit, notes, createdAt, updatedAt) VALUES ('seed_ing_409', 'ramen noodles (dry)', 'ramen noodles', 'Grains & Pasta', 'Pasta (dry)', 'GRAM', 0.22, 100, 'Medium', 'High', 'CUP', '', datetime('now'), datetime('now'));
INSERT INTO "Ingredient" (id, name, normalizedName, category, subcategory, costBasisUnit, estimatedCentsPerBasisUnit, gramsPerCup, conversionConfidence, costConfidence, preferredDisplayUnit, notes, createdAt, updatedAt) VALUES ('seed_ing_410', 'udon noodles (dry)', 'udon noodles', 'Grains & Pasta', 'Pasta (dry)', 'GRAM', 0.22, 100, 'Medium', 'High', 'CUP', '', datetime('now'), datetime('now'));
INSERT INTO "Ingredient" (id, name, normalizedName, category, subcategory, costBasisUnit, estimatedCentsPerBasisUnit, gramsPerCup, conversionConfidence, costConfidence, preferredDisplayUnit, notes, createdAt, updatedAt) VALUES ('seed_ing_411', 'soba noodles (dry)', 'soba noodles', 'Grains & Pasta', 'Pasta (dry)', 'GRAM', 0.22, 100, 'Medium', 'High', 'CUP', '', datetime('now'), datetime('now'));
INSERT INTO "Ingredient" (id, name, normalizedName, category, subcategory, costBasisUnit, estimatedCentsPerBasisUnit, gramsPerCup, conversionConfidence, costConfidence, preferredDisplayUnit, notes, createdAt, updatedAt) VALUES ('seed_ing_412', 'cavatappi (dry)', 'cavatappi', 'Grains & Pasta', 'Pasta (dry)', 'GRAM', 0.22, 100, 'Medium', 'High', 'CUP', '', datetime('now'), datetime('now'));
INSERT INTO "Ingredient" (id, name, normalizedName, category, subcategory, costBasisUnit, estimatedCentsPerBasisUnit, gramsPerCup, conversionConfidence, costConfidence, preferredDisplayUnit, notes, createdAt, updatedAt) VALUES ('seed_ing_413', 'wild rice (dry)', 'wild rice', 'Grains & Pasta', 'Rice/Grain (dry)', 'GRAM', 0.22, 190, 'High', 'High', 'CUP', '', datetime('now'), datetime('now'));
INSERT INTO "Ingredient" (id, name, normalizedName, category, subcategory, costBasisUnit, estimatedCentsPerBasisUnit, gramsPerCup, conversionConfidence, costConfidence, preferredDisplayUnit, notes, createdAt, updatedAt) VALUES ('seed_ing_414', 'sushi rice (dry)', 'sushi rice', 'Grains & Pasta', 'Rice/Grain (dry)', 'GRAM', 0.22, 190, 'High', 'High', 'CUP', '', datetime('now'), datetime('now'));
INSERT INTO "Ingredient" (id, name, normalizedName, category, subcategory, costBasisUnit, estimatedCentsPerBasisUnit, gramsPerCup, conversionConfidence, costConfidence, preferredDisplayUnit, notes, createdAt, updatedAt) VALUES ('seed_ing_415', 'black rice (dry)', 'black rice', 'Grains & Pasta', 'Rice/Grain (dry)', 'GRAM', 0.22, 190, 'High', 'High', 'CUP', '', datetime('now'), datetime('now'));
INSERT INTO "Ingredient" (id, name, normalizedName, category, subcategory, costBasisUnit, estimatedCentsPerBasisUnit, gramsPerCup, conversionConfidence, costConfidence, preferredDisplayUnit, notes, createdAt, updatedAt) VALUES ('seed_ing_416', 'red rice (dry)', 'red rice', 'Grains & Pasta', 'Rice/Grain (dry)', 'GRAM', 0.22, 190, 'High', 'High', 'CUP', '', datetime('now'), datetime('now'));
INSERT INTO "Ingredient" (id, name, normalizedName, category, subcategory, costBasisUnit, estimatedCentsPerBasisUnit, gramsPerCup, conversionConfidence, costConfidence, preferredDisplayUnit, notes, createdAt, updatedAt) VALUES ('seed_ing_417', 'millet (dry)', 'millet', 'Grains & Pasta', 'Rice/Grain (dry)', 'GRAM', 0.22, 190, 'High', 'High', 'CUP', '', datetime('now'), datetime('now'));
INSERT INTO "Ingredient" (id, name, normalizedName, category, subcategory, costBasisUnit, estimatedCentsPerBasisUnit, gramsPerCup, conversionConfidence, costConfidence, preferredDisplayUnit, notes, createdAt, updatedAt) VALUES ('seed_ing_418', 'amaranth (dry)', 'amaranth', 'Grains & Pasta', 'Rice/Grain (dry)', 'GRAM', 0.22, 190, 'High', 'High', 'CUP', '', datetime('now'), datetime('now'));
INSERT INTO "Ingredient" (id, name, normalizedName, category, subcategory, costBasisUnit, estimatedCentsPerBasisUnit, gramsPerCup, conversionConfidence, costConfidence, preferredDisplayUnit, notes, createdAt, updatedAt) VALUES ('seed_ing_419', 'buckwheat groats (dry)', 'buckwheat groats', 'Grains & Pasta', 'Rice/Grain (dry)', 'GRAM', 0.22, 190, 'High', 'High', 'CUP', '', datetime('now'), datetime('now'));
INSERT INTO "Ingredient" (id, name, normalizedName, category, subcategory, costBasisUnit, estimatedCentsPerBasisUnit, gramsPerCup, conversionConfidence, costConfidence, preferredDisplayUnit, notes, createdAt, updatedAt) VALUES ('seed_ing_420', 'cream of wheat (dry)', 'cream of wheat', 'Grains & Pasta', 'Rice/Grain (dry)', 'CUP', 108, 190, 'High', 'High', 'CUP', '', datetime('now'), datetime('now'));
INSERT INTO "Ingredient" (id, name, normalizedName, category, subcategory, costBasisUnit, estimatedCentsPerBasisUnit, gramsPerCup, conversionConfidence, costConfidence, preferredDisplayUnit, notes, createdAt, updatedAt) VALUES ('seed_ing_421', 'olive oil', 'olive oil', 'Oils & Vinegars', 'Oil', 'GRAM', 1, 216, 'High', 'Medium', 'TBSP', '', datetime('now'), datetime('now'));
INSERT INTO "Ingredient" (id, name, normalizedName, category, subcategory, costBasisUnit, estimatedCentsPerBasisUnit, gramsPerCup, conversionConfidence, costConfidence, preferredDisplayUnit, notes, createdAt, updatedAt) VALUES ('seed_ing_422', 'vegetable oil', 'vegetable oil', 'Oils & Vinegars', 'Oil', 'GRAM', 0.25, 218, 'High', 'Medium', 'TBSP', '', datetime('now'), datetime('now'));
INSERT INTO "Ingredient" (id, name, normalizedName, category, subcategory, costBasisUnit, estimatedCentsPerBasisUnit, gramsPerCup, conversionConfidence, costConfidence, preferredDisplayUnit, notes, createdAt, updatedAt) VALUES ('seed_ing_423', 'canola oil', 'canola oil', 'Oils & Vinegars', 'Oil', 'GRAM', 1, 216, 'High', 'Medium', 'TBSP', '', datetime('now'), datetime('now'));
INSERT INTO "Ingredient" (id, name, normalizedName, category, subcategory, costBasisUnit, estimatedCentsPerBasisUnit, gramsPerCup, conversionConfidence, costConfidence, preferredDisplayUnit, notes, createdAt, updatedAt) VALUES ('seed_ing_424', 'avocado oil', 'avocado oil', 'Oils & Vinegars', 'Oil', 'GRAM', 1, 216, 'High', 'Medium', 'TBSP', '', datetime('now'), datetime('now'));
INSERT INTO "Ingredient" (id, name, normalizedName, category, subcategory, costBasisUnit, estimatedCentsPerBasisUnit, gramsPerCup, conversionConfidence, costConfidence, preferredDisplayUnit, notes, createdAt, updatedAt) VALUES ('seed_ing_425', 'coconut oil', 'coconut oil', 'Oils & Vinegars', 'Oil', 'GRAM', 1, 216, 'High', 'Medium', 'TBSP', '', datetime('now'), datetime('now'));
INSERT INTO "Ingredient" (id, name, normalizedName, category, subcategory, costBasisUnit, estimatedCentsPerBasisUnit, gramsPerCup, conversionConfidence, costConfidence, preferredDisplayUnit, notes, createdAt, updatedAt) VALUES ('seed_ing_426', 'sesame oil', 'sesame oil', 'Oils & Vinegars', 'Oil', 'GRAM', 1, 216, 'High', 'Medium', 'TBSP', '', datetime('now'), datetime('now'));
INSERT INTO "Ingredient" (id, name, normalizedName, category, subcategory, costBasisUnit, estimatedCentsPerBasisUnit, gramsPerCup, conversionConfidence, costConfidence, preferredDisplayUnit, notes, createdAt, updatedAt) VALUES ('seed_ing_427', 'peanut oil', 'peanut oil', 'Oils & Vinegars', 'Oil', 'GRAM', 1, 216, 'High', 'Medium', 'TBSP', '', datetime('now'), datetime('now'));
INSERT INTO "Ingredient" (id, name, normalizedName, category, subcategory, costBasisUnit, estimatedCentsPerBasisUnit, gramsPerCup, conversionConfidence, costConfidence, preferredDisplayUnit, notes, createdAt, updatedAt) VALUES ('seed_ing_428', 'grapeseed oil', 'grapeseed oil', 'Oils & Vinegars', 'Oil', 'GRAM', 1, 216, 'High', 'Medium', 'TBSP', '', datetime('now'), datetime('now'));
INSERT INTO "Ingredient" (id, name, normalizedName, category, subcategory, costBasisUnit, estimatedCentsPerBasisUnit, gramsPerCup, conversionConfidence, costConfidence, preferredDisplayUnit, notes, createdAt, updatedAt) VALUES ('seed_ing_429', 'sunflower oil', 'sunflower oil', 'Oils & Vinegars', 'Oil', 'GRAM', 1, 216, 'High', 'Medium', 'TBSP', '', datetime('now'), datetime('now'));
INSERT INTO "Ingredient" (id, name, normalizedName, category, subcategory, costBasisUnit, estimatedCentsPerBasisUnit, gramsPerCup, conversionConfidence, costConfidence, preferredDisplayUnit, notes, createdAt, updatedAt) VALUES ('seed_ing_430', 'white vinegar', 'white vinegar', 'Oils & Vinegars', 'Vinegar', 'GRAM', 0.15, 240, 'High', 'High', 'TBSP', '', datetime('now'), datetime('now'));
INSERT INTO "Ingredient" (id, name, normalizedName, category, subcategory, costBasisUnit, estimatedCentsPerBasisUnit, gramsPerCup, conversionConfidence, costConfidence, preferredDisplayUnit, notes, createdAt, updatedAt) VALUES ('seed_ing_431', 'apple cider vinegar', 'apple cider vinegar', 'Oils & Vinegars', 'Vinegar', 'GRAM', 0.15, 240, 'High', 'High', 'TBSP', '', datetime('now'), datetime('now'));
INSERT INTO "Ingredient" (id, name, normalizedName, category, subcategory, costBasisUnit, estimatedCentsPerBasisUnit, gramsPerCup, conversionConfidence, costConfidence, preferredDisplayUnit, notes, createdAt, updatedAt) VALUES ('seed_ing_432', 'red wine vinegar', 'red wine vinegar', 'Oils & Vinegars', 'Vinegar', 'GRAM', 0.15, 240, 'High', 'High', 'TBSP', '', datetime('now'), datetime('now'));
INSERT INTO "Ingredient" (id, name, normalizedName, category, subcategory, costBasisUnit, estimatedCentsPerBasisUnit, gramsPerCup, conversionConfidence, costConfidence, preferredDisplayUnit, notes, createdAt, updatedAt) VALUES ('seed_ing_433', 'white wine vinegar', 'white wine vinegar', 'Oils & Vinegars', 'Vinegar', 'GRAM', 0.15, 240, 'High', 'High', 'TBSP', '', datetime('now'), datetime('now'));
INSERT INTO "Ingredient" (id, name, normalizedName, category, subcategory, costBasisUnit, estimatedCentsPerBasisUnit, gramsPerCup, conversionConfidence, costConfidence, preferredDisplayUnit, notes, createdAt, updatedAt) VALUES ('seed_ing_434', 'balsamic vinegar', 'balsamic vinegar', 'Oils & Vinegars', 'Vinegar', 'GRAM', 0.15, 240, 'High', 'High', 'TBSP', '', datetime('now'), datetime('now'));
INSERT INTO "Ingredient" (id, name, normalizedName, category, subcategory, costBasisUnit, estimatedCentsPerBasisUnit, gramsPerCup, conversionConfidence, costConfidence, preferredDisplayUnit, notes, createdAt, updatedAt) VALUES ('seed_ing_435', 'rice vinegar', 'rice vinegar', 'Oils & Vinegars', 'Vinegar', 'GRAM', 0.15, 240, 'High', 'High', 'TBSP', '', datetime('now'), datetime('now'));
INSERT INTO "Ingredient" (id, name, normalizedName, category, subcategory, costBasisUnit, estimatedCentsPerBasisUnit, gramsPerCup, conversionConfidence, costConfidence, preferredDisplayUnit, notes, createdAt, updatedAt) VALUES ('seed_ing_436', 'sherry vinegar', 'sherry vinegar', 'Oils & Vinegars', 'Vinegar', 'GRAM', 0.15, 240, 'High', 'High', 'TBSP', '', datetime('now'), datetime('now'));
INSERT INTO "Ingredient" (id, name, normalizedName, category, subcategory, costBasisUnit, estimatedCentsPerBasisUnit, gramsPerCup, conversionConfidence, costConfidence, preferredDisplayUnit, notes, createdAt, updatedAt) VALUES ('seed_ing_437', 'champagne vinegar', 'champagne vinegar', 'Oils & Vinegars', 'Vinegar', 'GRAM', 0.15, 240, 'High', 'High', 'TBSP', '', datetime('now'), datetime('now'));
INSERT INTO "Ingredient" (id, name, normalizedName, category, subcategory, costBasisUnit, estimatedCentsPerBasisUnit, gramsPerCup, conversionConfidence, costConfidence, preferredDisplayUnit, notes, createdAt, updatedAt) VALUES ('seed_ing_438', 'black pepper', 'black pepper', 'Spices & Dried Herbs', 'Spice', 'GRAM', 3, 120, 'Medium', 'Medium', 'TSP', '', datetime('now'), datetime('now'));
INSERT INTO "Ingredient" (id, name, normalizedName, category, subcategory, costBasisUnit, estimatedCentsPerBasisUnit, gramsPerCup, conversionConfidence, costConfidence, preferredDisplayUnit, notes, createdAt, updatedAt) VALUES ('seed_ing_439', 'white pepper', 'white pepper', 'Spices & Dried Herbs', 'Spice', 'GRAM', 3, 120, 'Medium', 'Medium', 'TSP', '', datetime('now'), datetime('now'));
INSERT INTO "Ingredient" (id, name, normalizedName, category, subcategory, costBasisUnit, estimatedCentsPerBasisUnit, gramsPerCup, conversionConfidence, costConfidence, preferredDisplayUnit, notes, createdAt, updatedAt) VALUES ('seed_ing_440', 'cayenne pepper', 'cayenne pepper', 'Spices & Dried Herbs', 'Spice', 'GRAM', 3, 120, 'Medium', 'Medium', 'TSP', '', datetime('now'), datetime('now'));
INSERT INTO "Ingredient" (id, name, normalizedName, category, subcategory, costBasisUnit, estimatedCentsPerBasisUnit, gramsPerCup, conversionConfidence, costConfidence, preferredDisplayUnit, notes, createdAt, updatedAt) VALUES ('seed_ing_441', 'paprika', 'paprika', 'Spices & Dried Herbs', 'Spice', 'GRAM', 3, 120, 'Medium', 'Medium', 'TSP', '', datetime('now'), datetime('now'));
INSERT INTO "Ingredient" (id, name, normalizedName, category, subcategory, costBasisUnit, estimatedCentsPerBasisUnit, gramsPerCup, conversionConfidence, costConfidence, preferredDisplayUnit, notes, createdAt, updatedAt) VALUES ('seed_ing_442', 'smoked paprika', 'smoked paprika', 'Spices & Dried Herbs', 'Spice', 'GRAM', 3, 120, 'Medium', 'Medium', 'TSP', '', datetime('now'), datetime('now'));
INSERT INTO "Ingredient" (id, name, normalizedName, category, subcategory, costBasisUnit, estimatedCentsPerBasisUnit, gramsPerCup, conversionConfidence, costConfidence, preferredDisplayUnit, notes, createdAt, updatedAt) VALUES ('seed_ing_443', 'chili powder', 'chili powder', 'Spices & Dried Herbs', 'Spice', 'GRAM', 3, 120, 'Medium', 'Medium', 'TSP', '', datetime('now'), datetime('now'));
INSERT INTO "Ingredient" (id, name, normalizedName, category, subcategory, costBasisUnit, estimatedCentsPerBasisUnit, gramsPerCup, conversionConfidence, costConfidence, preferredDisplayUnit, notes, createdAt, updatedAt) VALUES ('seed_ing_444', 'cumin', 'cumin', 'Spices & Dried Herbs', 'Spice', 'GRAM', 3, 120, 'Medium', 'Medium', 'TSP', '', datetime('now'), datetime('now'));
INSERT INTO "Ingredient" (id, name, normalizedName, category, subcategory, costBasisUnit, estimatedCentsPerBasisUnit, gramsPerCup, conversionConfidence, costConfidence, preferredDisplayUnit, notes, createdAt, updatedAt) VALUES ('seed_ing_445', 'coriander', 'coriander', 'Spices & Dried Herbs', 'Spice', 'GRAM', 3, 120, 'Medium', 'Medium', 'TSP', '', datetime('now'), datetime('now'));
INSERT INTO "Ingredient" (id, name, normalizedName, category, subcategory, costBasisUnit, estimatedCentsPerBasisUnit, gramsPerCup, conversionConfidence, costConfidence, preferredDisplayUnit, notes, createdAt, updatedAt) VALUES ('seed_ing_446', 'turmeric', 'turmeric', 'Spices & Dried Herbs', 'Spice', 'GRAM', 3, 120, 'Medium', 'Medium', 'TSP', '', datetime('now'), datetime('now'));
INSERT INTO "Ingredient" (id, name, normalizedName, category, subcategory, costBasisUnit, estimatedCentsPerBasisUnit, gramsPerCup, conversionConfidence, costConfidence, preferredDisplayUnit, notes, createdAt, updatedAt) VALUES ('seed_ing_447', 'curry powder', 'curry powder', 'Spices & Dried Herbs', 'Spice', 'GRAM', 3, 120, 'Medium', 'Medium', 'TSP', '', datetime('now'), datetime('now'));
INSERT INTO "Ingredient" (id, name, normalizedName, category, subcategory, costBasisUnit, estimatedCentsPerBasisUnit, gramsPerCup, conversionConfidence, costConfidence, preferredDisplayUnit, notes, createdAt, updatedAt) VALUES ('seed_ing_448', 'garam masala', 'garam masala', 'Spices & Dried Herbs', 'Spice', 'GRAM', 3, 120, 'Medium', 'Medium', 'TSP', '', datetime('now'), datetime('now'));
INSERT INTO "Ingredient" (id, name, normalizedName, category, subcategory, costBasisUnit, estimatedCentsPerBasisUnit, gramsPerCup, conversionConfidence, costConfidence, preferredDisplayUnit, notes, createdAt, updatedAt) VALUES ('seed_ing_449', 'chinese five spice', 'chinese five spice', 'Spices & Dried Herbs', 'Spice', 'GRAM', 3, 120, 'Medium', 'Medium', 'TSP', '', datetime('now'), datetime('now'));
INSERT INTO "Ingredient" (id, name, normalizedName, category, subcategory, costBasisUnit, estimatedCentsPerBasisUnit, gramsPerCup, conversionConfidence, costConfidence, preferredDisplayUnit, notes, createdAt, updatedAt) VALUES ('seed_ing_450', 'italian seasoning', 'italian seasoning', 'Spices & Dried Herbs', 'Spice', 'GRAM', 3, 120, 'Medium', 'Medium', 'TSP', '', datetime('now'), datetime('now'));
INSERT INTO "Ingredient" (id, name, normalizedName, category, subcategory, costBasisUnit, estimatedCentsPerBasisUnit, gramsPerCup, conversionConfidence, costConfidence, preferredDisplayUnit, notes, createdAt, updatedAt) VALUES ('seed_ing_451', 'herbes de provence', 'herbes de provence', 'Spices & Dried Herbs', 'Spice', 'GRAM', 3, 120, 'Medium', 'Medium', 'TSP', '', datetime('now'), datetime('now'));
INSERT INTO "Ingredient" (id, name, normalizedName, category, subcategory, costBasisUnit, estimatedCentsPerBasisUnit, gramsPerCup, conversionConfidence, costConfidence, preferredDisplayUnit, notes, createdAt, updatedAt) VALUES ('seed_ing_452', 'garlic powder', 'garlic powder', 'Spices & Dried Herbs', 'Spice', 'GRAM', 3, 120, 'Medium', 'Medium', 'TSP', '', datetime('now'), datetime('now'));
INSERT INTO "Ingredient" (id, name, normalizedName, category, subcategory, costBasisUnit, estimatedCentsPerBasisUnit, gramsPerCup, conversionConfidence, costConfidence, preferredDisplayUnit, notes, createdAt, updatedAt) VALUES ('seed_ing_453', 'onion powder', 'onion powder', 'Spices & Dried Herbs', 'Spice', 'GRAM', 3, 120, 'Medium', 'Medium', 'TSP', '', datetime('now'), datetime('now'));
INSERT INTO "Ingredient" (id, name, normalizedName, category, subcategory, costBasisUnit, estimatedCentsPerBasisUnit, gramsPerCup, conversionConfidence, costConfidence, preferredDisplayUnit, notes, createdAt, updatedAt) VALUES ('seed_ing_454', 'mustard powder', 'mustard powder', 'Spices & Dried Herbs', 'Spice', 'GRAM', 3, 120, 'Medium', 'Medium', 'TSP', '', datetime('now'), datetime('now'));
INSERT INTO "Ingredient" (id, name, normalizedName, category, subcategory, costBasisUnit, estimatedCentsPerBasisUnit, gramsPerCup, conversionConfidence, costConfidence, preferredDisplayUnit, notes, createdAt, updatedAt) VALUES ('seed_ing_455', 'cinnamon', 'cinnamon', 'Spices & Dried Herbs', 'Spice', 'GRAM', 3, 120, 'Medium', 'Medium', 'TSP', '', datetime('now'), datetime('now'));
INSERT INTO "Ingredient" (id, name, normalizedName, category, subcategory, costBasisUnit, estimatedCentsPerBasisUnit, gramsPerCup, conversionConfidence, costConfidence, preferredDisplayUnit, notes, createdAt, updatedAt) VALUES ('seed_ing_456', 'nutmeg', 'nutmeg', 'Spices & Dried Herbs', 'Spice', 'GRAM', 3, 120, 'Medium', 'Medium', 'TSP', '', datetime('now'), datetime('now'));
INSERT INTO "Ingredient" (id, name, normalizedName, category, subcategory, costBasisUnit, estimatedCentsPerBasisUnit, gramsPerCup, conversionConfidence, costConfidence, preferredDisplayUnit, notes, createdAt, updatedAt) VALUES ('seed_ing_457', 'cloves (ground)', '', 'Spices & Dried Herbs', 'Spice', 'GRAM', 3, 120, 'Medium', 'Medium', 'TSP', '', datetime('now'), datetime('now'));
INSERT INTO "Ingredient" (id, name, normalizedName, category, subcategory, costBasisUnit, estimatedCentsPerBasisUnit, gramsPerCup, conversionConfidence, costConfidence, preferredDisplayUnit, notes, createdAt, updatedAt) VALUES ('seed_ing_458', 'allspice', 'allspice', 'Spices & Dried Herbs', 'Spice', 'GRAM', 3, 120, 'Medium', 'Medium', 'TSP', '', datetime('now'), datetime('now'));
INSERT INTO "Ingredient" (id, name, normalizedName, category, subcategory, costBasisUnit, estimatedCentsPerBasisUnit, gramsPerCup, conversionConfidence, costConfidence, preferredDisplayUnit, notes, createdAt, updatedAt) VALUES ('seed_ing_459', 'cardamom (ground)', 'cardamom', 'Spices & Dried Herbs', 'Spice', 'GRAM', 3, 120, 'Medium', 'Medium', 'TSP', '', datetime('now'), datetime('now'));
INSERT INTO "Ingredient" (id, name, normalizedName, category, subcategory, costBasisUnit, estimatedCentsPerBasisUnit, gramsPerCup, conversionConfidence, costConfidence, preferredDisplayUnit, notes, createdAt, updatedAt) VALUES ('seed_ing_460', 'star anise', 'star anise', 'Spices & Dried Herbs', 'Spice', 'GRAM', 3, 120, 'Medium', 'Medium', 'TSP', '', datetime('now'), datetime('now'));
INSERT INTO "Ingredient" (id, name, normalizedName, category, subcategory, costBasisUnit, estimatedCentsPerBasisUnit, gramsPerCup, conversionConfidence, costConfidence, preferredDisplayUnit, notes, createdAt, updatedAt) VALUES ('seed_ing_461', 'anise seed', 'anise seed', 'Spices & Dried Herbs', 'Spice', 'GRAM', 3, 120, 'Medium', 'Medium', 'TSP', '', datetime('now'), datetime('now'));
INSERT INTO "Ingredient" (id, name, normalizedName, category, subcategory, costBasisUnit, estimatedCentsPerBasisUnit, gramsPerCup, conversionConfidence, costConfidence, preferredDisplayUnit, notes, createdAt, updatedAt) VALUES ('seed_ing_462', 'fennel seed', 'fennel seed', 'Spices & Dried Herbs', 'Spice', 'GRAM', 3, 120, 'Medium', 'Medium', 'TSP', '', datetime('now'), datetime('now'));
INSERT INTO "Ingredient" (id, name, normalizedName, category, subcategory, costBasisUnit, estimatedCentsPerBasisUnit, gramsPerCup, conversionConfidence, costConfidence, preferredDisplayUnit, notes, createdAt, updatedAt) VALUES ('seed_ing_463', 'caraway seed', 'caraway seed', 'Spices & Dried Herbs', 'Spice', 'GRAM', 3, 120, 'Medium', 'Medium', 'TSP', '', datetime('now'), datetime('now'));
INSERT INTO "Ingredient" (id, name, normalizedName, category, subcategory, costBasisUnit, estimatedCentsPerBasisUnit, gramsPerCup, conversionConfidence, costConfidence, preferredDisplayUnit, notes, createdAt, updatedAt) VALUES ('seed_ing_464', 'celery seed', 'celery seed', 'Spices & Dried Herbs', 'Spice', 'GRAM', 3, 120, 'Medium', 'Medium', 'TSP', '', datetime('now'), datetime('now'));
INSERT INTO "Ingredient" (id, name, normalizedName, category, subcategory, costBasisUnit, estimatedCentsPerBasisUnit, gramsPerCup, conversionConfidence, costConfidence, preferredDisplayUnit, notes, createdAt, updatedAt) VALUES ('seed_ing_465', 'sesame seeds', 'sesame seeds', 'Spices & Dried Herbs', 'Spice', 'GRAM', 3, 120, 'Medium', 'Medium', 'TSP', '', datetime('now'), datetime('now'));
INSERT INTO "Ingredient" (id, name, normalizedName, category, subcategory, costBasisUnit, estimatedCentsPerBasisUnit, gramsPerCup, conversionConfidence, costConfidence, preferredDisplayUnit, notes, createdAt, updatedAt) VALUES ('seed_ing_466', 'poppy seeds', 'poppy seeds', 'Spices & Dried Herbs', 'Spice', 'GRAM', 3, 120, 'Medium', 'Medium', 'TSP', '', datetime('now'), datetime('now'));
INSERT INTO "Ingredient" (id, name, normalizedName, category, subcategory, costBasisUnit, estimatedCentsPerBasisUnit, gramsPerCup, conversionConfidence, costConfidence, preferredDisplayUnit, notes, createdAt, updatedAt) VALUES ('seed_ing_467', 'red pepper flakes', 'red pepper flakes', 'Spices & Dried Herbs', 'Spice', 'GRAM', 3, 120, 'Medium', 'Medium', 'TSP', '', datetime('now'), datetime('now'));
INSERT INTO "Ingredient" (id, name, normalizedName, category, subcategory, costBasisUnit, estimatedCentsPerBasisUnit, gramsPerCup, conversionConfidence, costConfidence, preferredDisplayUnit, notes, createdAt, updatedAt) VALUES ('seed_ing_468', 'crushed red pepper', 'crushed red pepper', 'Spices & Dried Herbs', 'Spice', 'GRAM', 3, 120, 'Medium', 'Medium', 'TSP', '', datetime('now'), datetime('now'));
INSERT INTO "Ingredient" (id, name, normalizedName, category, subcategory, costBasisUnit, estimatedCentsPerBasisUnit, gramsPerCup, conversionConfidence, costConfidence, preferredDisplayUnit, notes, createdAt, updatedAt) VALUES ('seed_ing_469', 'bay leaf (dried)', 'bay leaf', 'Spices & Dried Herbs', 'Herb (dried)', 'GRAM', 3, 40, 'Low', 'Medium', 'TSP', '', datetime('now'), datetime('now'));
INSERT INTO "Ingredient" (id, name, normalizedName, category, subcategory, costBasisUnit, estimatedCentsPerBasisUnit, gramsPerCup, conversionConfidence, costConfidence, preferredDisplayUnit, notes, createdAt, updatedAt) VALUES ('seed_ing_470', 'oregano (dried)', 'oregano', 'Spices & Dried Herbs', 'Herb (dried)', 'GRAM', 3, 40, 'Low', 'Medium', 'TSP', '', datetime('now'), datetime('now'));
INSERT INTO "Ingredient" (id, name, normalizedName, category, subcategory, costBasisUnit, estimatedCentsPerBasisUnit, gramsPerCup, conversionConfidence, costConfidence, preferredDisplayUnit, notes, createdAt, updatedAt) VALUES ('seed_ing_471', 'thyme (dried)', 'thyme', 'Spices & Dried Herbs', 'Herb (dried)', 'GRAM', 3, 40, 'Low', 'Medium', 'TSP', '', datetime('now'), datetime('now'));
INSERT INTO "Ingredient" (id, name, normalizedName, category, subcategory, costBasisUnit, estimatedCentsPerBasisUnit, gramsPerCup, conversionConfidence, costConfidence, preferredDisplayUnit, notes, createdAt, updatedAt) VALUES ('seed_ing_472', 'rosemary (dried)', 'rosemary', 'Spices & Dried Herbs', 'Herb (dried)', 'GRAM', 3, 40, 'Low', 'Medium', 'TSP', '', datetime('now'), datetime('now'));
INSERT INTO "Ingredient" (id, name, normalizedName, category, subcategory, costBasisUnit, estimatedCentsPerBasisUnit, gramsPerCup, conversionConfidence, costConfidence, preferredDisplayUnit, notes, createdAt, updatedAt) VALUES ('seed_ing_473', 'sage (dried)', 'sage', 'Spices & Dried Herbs', 'Herb (dried)', 'GRAM', 3, 40, 'Low', 'Medium', 'TSP', '', datetime('now'), datetime('now'));
INSERT INTO "Ingredient" (id, name, normalizedName, category, subcategory, costBasisUnit, estimatedCentsPerBasisUnit, gramsPerCup, conversionConfidence, costConfidence, preferredDisplayUnit, notes, createdAt, updatedAt) VALUES ('seed_ing_474', 'chives (dried)', 'chives', 'Spices & Dried Herbs', 'Herb (dried)', 'GRAM', 3, 40, 'Low', 'Medium', 'TSP', '', datetime('now'), datetime('now'));
INSERT INTO "Ingredient" (id, name, normalizedName, category, subcategory, costBasisUnit, estimatedCentsPerBasisUnit, gramsPerCup, conversionConfidence, costConfidence, preferredDisplayUnit, notes, createdAt, updatedAt) VALUES ('seed_ing_475', 'marjoram (dried)', 'marjoram', 'Spices & Dried Herbs', 'Herb (dried)', 'GRAM', 3, 40, 'Low', 'Medium', 'TSP', '', datetime('now'), datetime('now'));
INSERT INTO "Ingredient" (id, name, normalizedName, category, subcategory, costBasisUnit, estimatedCentsPerBasisUnit, gramsPerCup, conversionConfidence, costConfidence, preferredDisplayUnit, notes, createdAt, updatedAt) VALUES ('seed_ing_476', 'tarragon (dried)', 'tarragon', 'Spices & Dried Herbs', 'Herb (dried)', 'GRAM', 3, 40, 'Low', 'Medium', 'TSP', '', datetime('now'), datetime('now'));
INSERT INTO "Ingredient" (id, name, normalizedName, category, subcategory, costBasisUnit, estimatedCentsPerBasisUnit, gramsPerCup, conversionConfidence, costConfidence, preferredDisplayUnit, notes, createdAt, updatedAt) VALUES ('seed_ing_477', 'cocoa nibs', 'cocoa nibs', 'Spices & Dried Herbs', 'Spice', 'GRAM', 3, 120, 'Medium', 'Medium', 'TSP', '', datetime('now'), datetime('now'));
INSERT INTO "Ingredient" (id, name, normalizedName, category, subcategory, costBasisUnit, estimatedCentsPerBasisUnit, gramsPerCup, conversionConfidence, costConfidence, preferredDisplayUnit, notes, createdAt, updatedAt) VALUES ('seed_ing_478', 'vanilla bean', 'vanilla bean', 'Spices & Dried Herbs', 'Spice', 'GRAM', 3, 120, 'Medium', 'Medium', 'TSP', '', datetime('now'), datetime('now'));
INSERT INTO "Ingredient" (id, name, normalizedName, category, subcategory, costBasisUnit, estimatedCentsPerBasisUnit, gramsPerCup, conversionConfidence, costConfidence, preferredDisplayUnit, notes, createdAt, updatedAt) VALUES ('seed_ing_479', 'msg', 'msg', 'Spices & Dried Herbs', 'Spice', 'GRAM', 3, 120, 'Medium', 'Medium', 'TSP', '', datetime('now'), datetime('now'));
INSERT INTO "Ingredient" (id, name, normalizedName, category, subcategory, costBasisUnit, estimatedCentsPerBasisUnit, gramsPerCup, conversionConfidence, costConfidence, preferredDisplayUnit, notes, createdAt, updatedAt) VALUES ('seed_ing_480', 'whole wheat pastry flour', 'whole wheat pastry flour', 'Baking & Sweeteners', 'Baking', 'GRAM', 1, 120, 'High', 'Medium', 'CUP', '', datetime('now'), datetime('now'));
INSERT INTO "Ingredient" (id, name, normalizedName, category, subcategory, costBasisUnit, estimatedCentsPerBasisUnit, gramsPerCup, conversionConfidence, costConfidence, preferredDisplayUnit, notes, createdAt, updatedAt) VALUES ('seed_ing_481', 'vital wheat gluten', 'vital wheat gluten', 'Baking & Sweeteners', 'Baking', 'GRAM', 1, 120, 'High', 'Medium', 'CUP', '', datetime('now'), datetime('now'));
INSERT INTO "Ingredient" (id, name, normalizedName, category, subcategory, costBasisUnit, estimatedCentsPerBasisUnit, gramsPerCup, conversionConfidence, costConfidence, preferredDisplayUnit, notes, createdAt, updatedAt) VALUES ('seed_ing_482', 'dutch-process cocoa powder', 'dutch process cocoa powder', 'Baking & Sweeteners', 'Baking', 'GRAM', 2, 100, 'High', 'Medium', 'CUP', '', datetime('now'), datetime('now'));
INSERT INTO "Ingredient" (id, name, normalizedName, category, subcategory, costBasisUnit, estimatedCentsPerBasisUnit, gramsPerCup, conversionConfidence, costConfidence, preferredDisplayUnit, notes, createdAt, updatedAt) VALUES ('seed_ing_483', 'natural cocoa powder', 'natural cocoa powder', 'Baking & Sweeteners', 'Baking', 'GRAM', 2, 100, 'High', 'Medium', 'CUP', '', datetime('now'), datetime('now'));
INSERT INTO "Ingredient" (id, name, normalizedName, category, subcategory, costBasisUnit, estimatedCentsPerBasisUnit, gramsPerCup, conversionConfidence, costConfidence, preferredDisplayUnit, notes, createdAt, updatedAt) VALUES ('seed_ing_484', 'white chocolate', 'white chocolate', 'Baking & Sweeteners', 'Baking', 'GRAM', 2, 170, 'High', 'Medium', 'CUP', '', datetime('now'), datetime('now'));
INSERT INTO "Ingredient" (id, name, normalizedName, category, subcategory, costBasisUnit, estimatedCentsPerBasisUnit, gramsPerCup, conversionConfidence, costConfidence, preferredDisplayUnit, notes, createdAt, updatedAt) VALUES ('seed_ing_485', 'milk chocolate', 'milk chocolate', 'Baking & Sweeteners', 'Baking', 'CUP', 360, 170, 'High', 'Medium', 'CUP', '', datetime('now'), datetime('now'));
INSERT INTO "Ingredient" (id, name, normalizedName, category, subcategory, costBasisUnit, estimatedCentsPerBasisUnit, gramsPerCup, conversionConfidence, costConfidence, preferredDisplayUnit, notes, createdAt, updatedAt) VALUES ('seed_ing_486', 'chocolate chunks', 'chocolate chunks', 'Baking & Sweeteners', 'Baking', 'GRAM', 1, 170, 'High', 'Medium', 'CUP', '', datetime('now'), datetime('now'));
INSERT INTO "Ingredient" (id, name, normalizedName, category, subcategory, costBasisUnit, estimatedCentsPerBasisUnit, gramsPerCup, conversionConfidence, costConfidence, preferredDisplayUnit, notes, createdAt, updatedAt) VALUES ('seed_ing_487', 'mini chocolate chips', 'mini chocolate chips', 'Baking & Sweeteners', 'Baking', 'GRAM', 1, 170, 'High', 'Medium', 'CUP', '', datetime('now'), datetime('now'));
INSERT INTO "Ingredient" (id, name, normalizedName, category, subcategory, costBasisUnit, estimatedCentsPerBasisUnit, gramsPerCup, conversionConfidence, costConfidence, preferredDisplayUnit, notes, createdAt, updatedAt) VALUES ('seed_ing_488', 'powdered milk', 'powdered milk', 'Baking & Sweeteners', 'Baking', 'GRAM', 1, 120, 'High', 'Medium', 'CUP', '', datetime('now'), datetime('now'));
INSERT INTO "Ingredient" (id, name, normalizedName, category, subcategory, costBasisUnit, estimatedCentsPerBasisUnit, gramsPerCup, conversionConfidence, costConfidence, preferredDisplayUnit, notes, createdAt, updatedAt) VALUES ('seed_ing_489', 'malted milk powder', 'malted milk powder', 'Baking & Sweeteners', 'Baking', 'GRAM', 1, 120, 'High', 'Medium', 'CUP', '', datetime('now'), datetime('now'));
INSERT INTO "Ingredient" (id, name, normalizedName, category, subcategory, costBasisUnit, estimatedCentsPerBasisUnit, gramsPerCup, conversionConfidence, costConfidence, preferredDisplayUnit, notes, createdAt, updatedAt) VALUES ('seed_ing_490', 'instant espresso powder', 'instant espresso powder', 'Baking & Sweeteners', 'Baking', 'GRAM', 3, 100, 'High', 'Medium', 'CUP', '', datetime('now'), datetime('now'));
INSERT INTO "Ingredient" (id, name, normalizedName, category, subcategory, costBasisUnit, estimatedCentsPerBasisUnit, gramsPerCup, conversionConfidence, costConfidence, preferredDisplayUnit, notes, createdAt, updatedAt) VALUES ('seed_ing_491', 'golden syrup', 'golden syrup', 'Baking & Sweeteners', 'Baking', 'GRAM', 1, 340, 'High', 'Medium', 'TBSP', '', datetime('now'), datetime('now'));
INSERT INTO "Ingredient" (id, name, normalizedName, category, subcategory, costBasisUnit, estimatedCentsPerBasisUnit, gramsPerCup, conversionConfidence, costConfidence, preferredDisplayUnit, notes, createdAt, updatedAt) VALUES ('seed_ing_492', 'treacle', 'treacle', 'Baking & Sweeteners', 'Baking', 'GRAM', 1, 340, 'High', 'Medium', 'CUP', '', datetime('now'), datetime('now'));
INSERT INTO "Ingredient" (id, name, normalizedName, category, subcategory, costBasisUnit, estimatedCentsPerBasisUnit, gramsPerCup, conversionConfidence, costConfidence, preferredDisplayUnit, notes, createdAt, updatedAt) VALUES ('seed_ing_493', 'lard', 'lard', 'Baking & Sweeteners', 'Baking', 'GRAM', 1, 220, 'High', 'Medium', 'CUP', '', datetime('now'), datetime('now'));
INSERT INTO "Ingredient" (id, name, normalizedName, category, subcategory, costBasisUnit, estimatedCentsPerBasisUnit, gramsPerCup, conversionConfidence, costConfidence, preferredDisplayUnit, notes, createdAt, updatedAt) VALUES ('seed_ing_494', 'shortening', 'shortening', 'Baking & Sweeteners', 'Baking', 'GRAM', 1, 205, 'High', 'Medium', 'CUP', '', datetime('now'), datetime('now'));
INSERT INTO "Ingredient" (id, name, normalizedName, category, subcategory, costBasisUnit, estimatedCentsPerBasisUnit, gramsPerCup, conversionConfidence, costConfidence, preferredDisplayUnit, notes, createdAt, updatedAt) VALUES ('seed_ing_495', 'vegetable shortening', 'vegetable shortening', 'Baking & Sweeteners', 'Baking', 'GRAM', 1, 205, 'High', 'Medium', 'CUP', '', datetime('now'), datetime('now'));
INSERT INTO "Ingredient" (id, name, normalizedName, category, subcategory, costBasisUnit, estimatedCentsPerBasisUnit, gramsPerCup, conversionConfidence, costConfidence, preferredDisplayUnit, notes, createdAt, updatedAt) VALUES ('seed_ing_496', 'whipping cream', 'whipping cream', 'Baking & Sweeteners', 'Baking', 'CUP', 144, 238, 'High', 'Medium', 'CUP', '', datetime('now'), datetime('now'));
INSERT INTO "Ingredient" (id, name, normalizedName, category, subcategory, costBasisUnit, estimatedCentsPerBasisUnit, gramsPerCup, conversionConfidence, costConfidence, preferredDisplayUnit, notes, createdAt, updatedAt) VALUES ('seed_ing_497', 'macadamia nuts (chopped)', 'macadamia nuts', 'Baking & Sweeteners', 'Baking', 'GRAM', 3, 120, 'High', 'Medium', 'CUP', '', datetime('now'), datetime('now'));
INSERT INTO "Ingredient" (id, name, normalizedName, category, subcategory, costBasisUnit, estimatedCentsPerBasisUnit, gramsPerCup, conversionConfidence, costConfidence, preferredDisplayUnit, notes, createdAt, updatedAt) VALUES ('seed_ing_498', 'marshmallow fluff', 'marshmallow fluff', 'Baking & Sweeteners', 'Baking', 'GRAM', 1, 320, 'High', 'Medium', 'CUP', '', datetime('now'), datetime('now'));
INSERT INTO "Ingredient" (id, name, normalizedName, category, subcategory, costBasisUnit, estimatedCentsPerBasisUnit, gramsPerCup, conversionConfidence, costConfidence, preferredDisplayUnit, notes, createdAt, updatedAt) VALUES ('seed_ing_499', 'gelatin (unflavored)', 'gelatin', 'Baking & Sweeteners', 'Baking', 'GRAM', 2, 150, 'High', 'Medium', 'CUP', '', datetime('now'), datetime('now'));
INSERT INTO "Ingredient" (id, name, normalizedName, category, subcategory, costBasisUnit, estimatedCentsPerBasisUnit, gramsPerCup, conversionConfidence, costConfidence, preferredDisplayUnit, notes, createdAt, updatedAt) VALUES ('seed_ing_500', 'agar agar', 'agar agar', 'Baking & Sweeteners', 'Baking', 'GRAM', 3, 150, 'High', 'Medium', 'CUP', '', datetime('now'), datetime('now'));
INSERT INTO "Ingredient" (id, name, normalizedName, category, subcategory, costBasisUnit, estimatedCentsPerBasisUnit, gramsPerCup, conversionConfidence, costConfidence, preferredDisplayUnit, notes, createdAt, updatedAt) VALUES ('seed_ing_501', 'cake mix (dry)', 'cake mix', 'Baking & Sweeteners', 'Baking', 'GRAM', 1, 120, 'Medium', 'Medium', 'CUP', 'Brand dependent.', datetime('now'), datetime('now'));
INSERT INTO "Ingredient" (id, name, normalizedName, category, subcategory, costBasisUnit, estimatedCentsPerBasisUnit, gramsPerCup, conversionConfidence, costConfidence, preferredDisplayUnit, notes, createdAt, updatedAt) VALUES ('seed_ing_502', 'brownie mix (dry)', 'brownie mix', 'Baking & Sweeteners', 'Baking', 'GRAM', 1, 120, 'Medium', 'Medium', 'CUP', 'Brand dependent.', datetime('now'), datetime('now'));
INSERT INTO "Ingredient" (id, name, normalizedName, category, subcategory, costBasisUnit, estimatedCentsPerBasisUnit, gramsPerCup, conversionConfidence, costConfidence, preferredDisplayUnit, notes, createdAt, updatedAt) VALUES ('seed_ing_503', 'pancake mix (dry)', 'pancake mix', 'Baking & Sweeteners', 'Baking', 'GRAM', 1, 120, 'Medium', 'Medium', 'CUP', 'Brand dependent.', datetime('now'), datetime('now'));
INSERT INTO "Ingredient" (id, name, normalizedName, category, subcategory, costBasisUnit, estimatedCentsPerBasisUnit, gramsPerCup, conversionConfidence, costConfidence, preferredDisplayUnit, notes, createdAt, updatedAt) VALUES ('seed_ing_504', 'pie crust mix (dry)', 'pie crust mix', 'Baking & Sweeteners', 'Baking', 'GRAM', 1, 120, 'Medium', 'Medium', 'CUP', 'Brand dependent.', datetime('now'), datetime('now'));
INSERT INTO "Ingredient" (id, name, normalizedName, category, subcategory, costBasisUnit, estimatedCentsPerBasisUnit, gramsPerCup, conversionConfidence, costConfidence, preferredDisplayUnit, notes, createdAt, updatedAt) VALUES ('seed_ing_505', 'custard powder', 'custard powder', 'Baking & Sweeteners', 'Baking', 'GRAM', 1, 120, 'High', 'Medium', 'CUP', '', datetime('now'), datetime('now'));
INSERT INTO "Ingredient" (id, name, normalizedName, category, subcategory, costBasisUnit, estimatedCentsPerBasisUnit, gramsPerCup, conversionConfidence, costConfidence, preferredDisplayUnit, notes, createdAt, updatedAt) VALUES ('seed_ing_506', 'vanilla bean paste', 'vanilla bean paste', 'Baking & Sweeteners', 'Baking', 'GRAM', 4, 300, 'High', 'Medium', 'CUP', '', datetime('now'), datetime('now'));
INSERT INTO "IngredientAlias" (id, ingredientId, aliasNormalized, createdAt) VALUES ('seed_alias_001', 'seed_ing_003', 'all purpose flour', datetime('now'));
INSERT INTO "IngredientAlias" (id, ingredientId, aliasNormalized, createdAt) VALUES ('seed_alias_002', 'seed_ing_003', 'all purpose flour', datetime('now'));
INSERT INTO "IngredientAlias" (id, ingredientId, aliasNormalized, createdAt) VALUES ('seed_alias_003', 'seed_ing_021', 'powdered sugar', datetime('now'));
INSERT INTO "IngredientAlias" (id, ingredientId, aliasNormalized, createdAt) VALUES ('seed_alias_004', 'seed_ing_021', 'powdered sugar', datetime('now'));
INSERT INTO "IngredientAlias" (id, ingredientId, aliasNormalized, createdAt) VALUES ('seed_alias_005', 'seed_ing_020', 'sugar', datetime('now'));
INSERT INTO "IngredientAlias" (id, ingredientId, aliasNormalized, createdAt) VALUES ('seed_alias_006', 'seed_ing_020', 'sugar', datetime('now'));
INSERT INTO "IngredientAlias" (id, ingredientId, aliasNormalized, createdAt) VALUES ('seed_alias_007', 'seed_ing_020', 'sugar', datetime('now'));
INSERT INTO "IngredientAlias" (id, ingredientId, aliasNormalized, createdAt) VALUES ('seed_alias_008', 'seed_ing_039', 'bicarbonate of soda', datetime('now'));
INSERT INTO "IngredientAlias" (id, ingredientId, aliasNormalized, createdAt) VALUES ('seed_alias_009', 'seed_ing_039', 'bicarb soda', datetime('now'));
INSERT INTO "IngredientAlias" (id, ingredientId, aliasNormalized, createdAt) VALUES ('seed_alias_010', 'seed_ing_037', 'vanilla extract', datetime('now'));
INSERT INTO "IngredientAlias" (id, ingredientId, aliasNormalized, createdAt) VALUES ('seed_alias_011', 'seed_ing_001', 'light brown sugar', datetime('now'));
INSERT INTO "IngredientAlias" (id, ingredientId, aliasNormalized, createdAt) VALUES ('seed_alias_012', 'seed_ing_001', 'light brown sugar', datetime('now'));
INSERT INTO "IngredientAlias" (id, ingredientId, aliasNormalized, createdAt) VALUES ('seed_alias_013', 'seed_ing_030', 'semi sweet choc chips', datetime('now'));
INSERT INTO "IngredientAlias" (id, ingredientId, aliasNormalized, createdAt) VALUES ('seed_alias_014', 'seed_ing_030', 'chocolate chips', datetime('now'));
INSERT INTO "IngredientAlias" (id, ingredientId, aliasNormalized, createdAt) VALUES ('seed_alias_015', 'seed_ing_029', 'cocoa', datetime('now'));
INSERT INTO "IngredientAlias" (id, ingredientId, aliasNormalized, createdAt) VALUES ('seed_alias_016', 'seed_ing_285', 'butter', datetime('now'));
INSERT INTO "IngredientAlias" (id, ingredientId, aliasNormalized, createdAt) VALUES ('seed_alias_017', 'seed_ing_285', 'butter', datetime('now'));
INSERT INTO "IngredientAlias" (id, ingredientId, aliasNormalized, createdAt) VALUES ('seed_alias_018', 'seed_ing_285', 'butter', datetime('now'));
INSERT INTO "IngredientAlias" (id, ingredientId, aliasNormalized, createdAt) VALUES ('seed_alias_019', 'seed_ing_251', 'milk', datetime('now'));
INSERT INTO "IngredientAlias" (id, ingredientId, aliasNormalized, createdAt) VALUES ('seed_alias_020', 'seed_ing_224', 'eggs', datetime('now'));
INSERT INTO "IngredientAlias" (id, ingredientId, aliasNormalized, createdAt) VALUES ('seed_alias_021', 'seed_ing_224', 'egg', datetime('now'));
INSERT INTO "IngredientAlias" (id, ingredientId, aliasNormalized, createdAt) VALUES ('seed_alias_022', 'seed_ing_224', 'eggs', datetime('now'));
INSERT INTO "IngredientAlias" (id, ingredientId, aliasNormalized, createdAt) VALUES ('seed_alias_023', 'seed_ing_393', 'old fashioned oats', datetime('now'));
INSERT INTO "Recipe" (id, userId, title, servings, prepTimeMinutes, cookTimeMinutes, totalTimeMinutes, createdAt, updatedAt) VALUES ('seed_recipe_001', 'seed_user_001', 'Classic Chocolate Chip Cookies', 24, 15, 12, 45, datetime('now'), datetime('now'));
INSERT INTO "RecipeInstruction" (id, recipeId, sortOrder, text) VALUES ('seed_instr_001', 'seed_recipe_001', 0, 'Preheat oven to 375°F. Line baking sheets with parchment.');
INSERT INTO "RecipeInstruction" (id, recipeId, sortOrder, text) VALUES ('seed_instr_002', 'seed_recipe_001', 1, 'Whisk flour, baking soda, and salt in a bowl.');
INSERT INTO "RecipeInstruction" (id, recipeId, sortOrder, text) VALUES ('seed_instr_003', 'seed_recipe_001', 2, 'Beat butter and both sugars until fluffy. Beat in eggs and vanilla.');
INSERT INTO "RecipeInstruction" (id, recipeId, sortOrder, text) VALUES ('seed_instr_004', 'seed_recipe_001', 3, 'Stir in flour mixture, then chocolate chips.');
INSERT INTO "RecipeInstruction" (id, recipeId, sortOrder, text) VALUES ('seed_instr_005', 'seed_recipe_001', 4, 'Drop rounded tablespoons 2 inches apart. Bake 9–11 min until golden.');
INSERT INTO "RecipeIngredient" (id, recipeId, ingredientId, quantity, rawQuantityText, unit, displayText, rawText, sortOrder, originalQuantity, originalUnit, createdAt, updatedAt) VALUES ('seed_ri_001', 'seed_recipe_001', 'seed_ing_003', 2.25, '2 1/4', 'CUP', 'all-purpose flour', '2 1/4 cups all-purpose flour', 0, 2.25, 'CUP', datetime('now'), datetime('now'));
INSERT INTO "RecipeIngredient" (id, recipeId, ingredientId, quantity, rawQuantityText, unit, displayText, rawText, sortOrder, originalQuantity, originalUnit, createdAt, updatedAt) VALUES ('seed_ri_002', 'seed_recipe_001', 'seed_ing_039', 1, '1', 'TSP', 'baking soda', '1 tsp baking soda', 1, 1, 'TSP', datetime('now'), datetime('now'));
INSERT INTO "RecipeIngredient" (id, recipeId, ingredientId, quantity, rawQuantityText, unit, displayText, rawText, sortOrder, originalQuantity, originalUnit, createdAt, updatedAt) VALUES ('seed_ri_003', 'seed_recipe_001', 'seed_ing_019', 1, '1', 'TSP', 'fine sea salt', '1 tsp fine sea salt', 2, 1, 'TSP', datetime('now'), datetime('now'));
INSERT INTO "RecipeIngredient" (id, recipeId, ingredientId, quantity, rawQuantityText, unit, displayText, rawText, sortOrder, originalQuantity, originalUnit, createdAt, updatedAt) VALUES ('seed_ri_004', 'seed_recipe_001', 'seed_ing_285', 1, '1', 'CUP', 'butter, softened', '1 cup butter, softened', 3, 1, 'CUP', datetime('now'), datetime('now'));
INSERT INTO "RecipeIngredient" (id, recipeId, ingredientId, quantity, rawQuantityText, unit, displayText, rawText, sortOrder, originalQuantity, originalUnit, createdAt, updatedAt) VALUES ('seed_ri_005', 'seed_recipe_001', 'seed_ing_020', 0.75, '3/4', 'CUP', 'granulated sugar', '3/4 cup granulated sugar', 4, 0.75, 'CUP', datetime('now'), datetime('now'));
INSERT INTO "RecipeIngredient" (id, recipeId, ingredientId, quantity, rawQuantityText, unit, displayText, rawText, sortOrder, originalQuantity, originalUnit, createdAt, updatedAt) VALUES ('seed_ri_006', 'seed_recipe_001', 'seed_ing_001', 0.75, '3/4', 'CUP', 'packed light brown sugar', '3/4 cup packed light brown sugar', 5, 0.75, 'CUP', datetime('now'), datetime('now'));
INSERT INTO "RecipeIngredient" (id, recipeId, ingredientId, quantity, rawQuantityText, unit, displayText, rawText, sortOrder, originalQuantity, originalUnit, createdAt, updatedAt) VALUES ('seed_ri_007', 'seed_recipe_001', 'seed_ing_224', 2, '2', 'COUNT', 'large eggs', '2 large eggs', 6, 2, 'COUNT', datetime('now'), datetime('now'));
INSERT INTO "RecipeIngredient" (id, recipeId, ingredientId, quantity, rawQuantityText, unit, displayText, rawText, sortOrder, originalQuantity, originalUnit, createdAt, updatedAt) VALUES ('seed_ri_008', 'seed_recipe_001', 'seed_ing_037', 2, '2', 'TSP', 'vanilla extract', '2 tsp vanilla extract', 7, 2, 'TSP', datetime('now'), datetime('now'));
INSERT INTO "RecipeIngredient" (id, recipeId, ingredientId, quantity, rawQuantityText, unit, displayText, rawText, sortOrder, originalQuantity, originalUnit, createdAt, updatedAt) VALUES ('seed_ri_009', 'seed_recipe_001', 'seed_ing_030', 2, '2', 'CUP', 'semi-sweet chocolate chips', '2 cups semi-sweet chocolate chips', 8, 2, 'CUP', datetime('now'), datetime('now'));
INSERT INTO "RecipeTag" (id, recipeId, tagId) VALUES ('seed_rt_001', 'seed_recipe_001', 'seed_tag_001');
INSERT INTO "RecipeTag" (id, recipeId, tagId) VALUES ('seed_rt_002', 'seed_recipe_001', 'seed_tag_003');
INSERT INTO "Recipe" (id, userId, title, servings, prepTimeMinutes, cookTimeMinutes, totalTimeMinutes, createdAt, updatedAt) VALUES ('seed_recipe_002', 'seed_user_001', 'Simple Sugar Cookies', 36, 20, 10, 60, datetime('now'), datetime('now'));
INSERT INTO "RecipeInstruction" (id, recipeId, sortOrder, text) VALUES ('seed_instr_006', 'seed_recipe_002', 0, 'Preheat oven to 350°F. Line baking sheets with parchment.');
INSERT INTO "RecipeInstruction" (id, recipeId, sortOrder, text) VALUES ('seed_instr_007', 'seed_recipe_002', 1, 'Whisk flour, baking powder, and salt.');
INSERT INTO "RecipeInstruction" (id, recipeId, sortOrder, text) VALUES ('seed_instr_008', 'seed_recipe_002', 2, 'Beat butter and sugar until fluffy. Beat in egg and vanilla.');
INSERT INTO "RecipeInstruction" (id, recipeId, sortOrder, text) VALUES ('seed_instr_009', 'seed_recipe_002', 3, 'Stir in flour mixture. Roll into 1-inch balls, flatten with sugar.');
INSERT INTO "RecipeInstruction" (id, recipeId, sortOrder, text) VALUES ('seed_instr_010', 'seed_recipe_002', 4, 'Bake 8–10 min until edges are light golden.');
INSERT INTO "RecipeIngredient" (id, recipeId, ingredientId, quantity, rawQuantityText, unit, displayText, rawText, sortOrder, originalQuantity, originalUnit, createdAt, updatedAt) VALUES ('seed_ri_010', 'seed_recipe_002', 'seed_ing_003', 2.75, '2 3/4', 'CUP', 'all-purpose flour', '2 3/4 cups all-purpose flour', 0, 2.75, 'CUP', datetime('now'), datetime('now'));
INSERT INTO "RecipeIngredient" (id, recipeId, ingredientId, quantity, rawQuantityText, unit, displayText, rawText, sortOrder, originalQuantity, originalUnit, createdAt, updatedAt) VALUES ('seed_ri_011', 'seed_recipe_002', 'seed_ing_040', 1, '1', 'TSP', 'baking powder', '1 tsp baking powder', 1, 1, 'TSP', datetime('now'), datetime('now'));
INSERT INTO "RecipeIngredient" (id, recipeId, ingredientId, quantity, rawQuantityText, unit, displayText, rawText, sortOrder, originalQuantity, originalUnit, createdAt, updatedAt) VALUES ('seed_ri_012', 'seed_recipe_002', 'seed_ing_019', 0.5, '1/2', 'TSP', 'fine sea salt', '1/2 tsp fine sea salt', 2, 0.5, 'TSP', datetime('now'), datetime('now'));
INSERT INTO "RecipeIngredient" (id, recipeId, ingredientId, quantity, rawQuantityText, unit, displayText, rawText, sortOrder, originalQuantity, originalUnit, createdAt, updatedAt) VALUES ('seed_ri_013', 'seed_recipe_002', 'seed_ing_285', 1, '1', 'CUP', 'butter, softened', '1 cup butter, softened', 3, 1, 'CUP', datetime('now'), datetime('now'));
INSERT INTO "RecipeIngredient" (id, recipeId, ingredientId, quantity, rawQuantityText, unit, displayText, rawText, sortOrder, originalQuantity, originalUnit, createdAt, updatedAt) VALUES ('seed_ri_014', 'seed_recipe_002', 'seed_ing_020', 1.5, '1 1/2', 'CUP', 'granulated sugar', '1 1/2 cups granulated sugar', 4, 1.5, 'CUP', datetime('now'), datetime('now'));
INSERT INTO "RecipeIngredient" (id, recipeId, ingredientId, quantity, rawQuantityText, unit, displayText, rawText, sortOrder, originalQuantity, originalUnit, createdAt, updatedAt) VALUES ('seed_ri_015', 'seed_recipe_002', 'seed_ing_224', 1, '1', 'COUNT', 'large egg', '1 large egg', 5, 1, 'COUNT', datetime('now'), datetime('now'));
INSERT INTO "RecipeIngredient" (id, recipeId, ingredientId, quantity, rawQuantityText, unit, displayText, rawText, sortOrder, originalQuantity, originalUnit, createdAt, updatedAt) VALUES ('seed_ri_016', 'seed_recipe_002', 'seed_ing_037', 1, '1', 'TSP', 'vanilla extract', '1 tsp vanilla extract', 6, 1, 'TSP', datetime('now'), datetime('now'));
INSERT INTO "RecipeTag" (id, recipeId, tagId) VALUES ('seed_rt_003', 'seed_recipe_002', 'seed_tag_001');
INSERT INTO "RecipeTag" (id, recipeId, tagId) VALUES ('seed_rt_004', 'seed_recipe_002', 'seed_tag_002');
INSERT INTO "Recipe" (id, userId, title, servings, prepTimeMinutes, cookTimeMinutes, totalTimeMinutes, createdAt, updatedAt) VALUES ('seed_recipe_003', 'seed_user_001', 'Vanilla Cupcakes', 12, 15, 18, 40, datetime('now'), datetime('now'));
INSERT INTO "RecipeInstruction" (id, recipeId, sortOrder, text) VALUES ('seed_instr_011', 'seed_recipe_003', 0, 'Preheat oven to 350°F. Line a 12-cup muffin pan.');
INSERT INTO "RecipeInstruction" (id, recipeId, sortOrder, text) VALUES ('seed_instr_012', 'seed_recipe_003', 1, 'Whisk flour, baking powder, and salt.');
INSERT INTO "RecipeInstruction" (id, recipeId, sortOrder, text) VALUES ('seed_instr_013', 'seed_recipe_003', 2, 'Beat butter and sugar until fluffy. Beat in eggs one at a time, then vanilla.');
INSERT INTO "RecipeInstruction" (id, recipeId, sortOrder, text) VALUES ('seed_instr_014', 'seed_recipe_003', 3, 'Alternately add flour mixture and milk in two additions.');
INSERT INTO "RecipeInstruction" (id, recipeId, sortOrder, text) VALUES ('seed_instr_015', 'seed_recipe_003', 4, 'Divide batter among cups. Bake 18–20 min until a toothpick comes out clean.');
INSERT INTO "RecipeIngredient" (id, recipeId, ingredientId, quantity, rawQuantityText, unit, displayText, rawText, sortOrder, originalQuantity, originalUnit, createdAt, updatedAt) VALUES ('seed_ri_017', 'seed_recipe_003', 'seed_ing_003', 1.5, '1 1/2', 'CUP', 'all-purpose flour', '1 1/2 cups all-purpose flour', 0, 1.5, 'CUP', datetime('now'), datetime('now'));
INSERT INTO "RecipeIngredient" (id, recipeId, ingredientId, quantity, rawQuantityText, unit, displayText, rawText, sortOrder, originalQuantity, originalUnit, createdAt, updatedAt) VALUES ('seed_ri_018', 'seed_recipe_003', 'seed_ing_040', 1.5, '1 1/2', 'TSP', 'baking powder', '1 1/2 tsp baking powder', 1, 1.5, 'TSP', datetime('now'), datetime('now'));
INSERT INTO "RecipeIngredient" (id, recipeId, ingredientId, quantity, rawQuantityText, unit, displayText, rawText, sortOrder, originalQuantity, originalUnit, createdAt, updatedAt) VALUES ('seed_ri_019', 'seed_recipe_003', 'seed_ing_019', 0.5, '1/2', 'TSP', 'fine sea salt', '1/2 tsp fine sea salt', 2, 0.5, 'TSP', datetime('now'), datetime('now'));
INSERT INTO "RecipeIngredient" (id, recipeId, ingredientId, quantity, rawQuantityText, unit, displayText, rawText, sortOrder, originalQuantity, originalUnit, createdAt, updatedAt) VALUES ('seed_ri_020', 'seed_recipe_003', 'seed_ing_285', 0.5, '1/2', 'CUP', 'butter, softened', '1/2 cup butter, softened', 3, 0.5, 'CUP', datetime('now'), datetime('now'));
INSERT INTO "RecipeIngredient" (id, recipeId, ingredientId, quantity, rawQuantityText, unit, displayText, rawText, sortOrder, originalQuantity, originalUnit, createdAt, updatedAt) VALUES ('seed_ri_021', 'seed_recipe_003', 'seed_ing_020', 0.75, '3/4', 'CUP', 'granulated sugar', '3/4 cup granulated sugar', 4, 0.75, 'CUP', datetime('now'), datetime('now'));
INSERT INTO "RecipeIngredient" (id, recipeId, ingredientId, quantity, rawQuantityText, unit, displayText, rawText, sortOrder, originalQuantity, originalUnit, createdAt, updatedAt) VALUES ('seed_ri_022', 'seed_recipe_003', 'seed_ing_224', 2, '2', 'COUNT', 'large eggs', '2 large eggs', 5, 2, 'COUNT', datetime('now'), datetime('now'));
INSERT INTO "RecipeIngredient" (id, recipeId, ingredientId, quantity, rawQuantityText, unit, displayText, rawText, sortOrder, originalQuantity, originalUnit, createdAt, updatedAt) VALUES ('seed_ri_023', 'seed_recipe_003', 'seed_ing_037', 1, '1', 'TSP', 'vanilla extract', '1 tsp vanilla extract', 6, 1, 'TSP', datetime('now'), datetime('now'));
INSERT INTO "RecipeIngredient" (id, recipeId, ingredientId, quantity, rawQuantityText, unit, displayText, rawText, sortOrder, originalQuantity, originalUnit, createdAt, updatedAt) VALUES ('seed_ri_024', 'seed_recipe_003', 'seed_ing_251', 0.5, '1/2', 'CUP', 'whole milk', '1/2 cup whole milk', 7, 0.5, 'CUP', datetime('now'), datetime('now'));
INSERT INTO "RecipeTag" (id, recipeId, tagId) VALUES ('seed_rt_005', 'seed_recipe_003', 'seed_tag_003');
INSERT INTO "Recipe" (id, userId, title, servings, prepTimeMinutes, cookTimeMinutes, totalTimeMinutes, createdAt, updatedAt) VALUES ('seed_recipe_004', 'seed_user_001', 'Brown Sugar Vanilla Cupcake Base', 12, 16, 18, 40, datetime('now'), datetime('now'));
INSERT INTO "RecipeInstruction" (id, recipeId, sortOrder, text) VALUES ('seed_instr_016', 'seed_recipe_004', 0, 'Heat oven to 350°F (175°C). Line pan.');
INSERT INTO "RecipeInstruction" (id, recipeId, sortOrder, text) VALUES ('seed_instr_017', 'seed_recipe_004', 1, 'Cream butter + both sugars 2–3 min until fluffy.');
INSERT INTO "RecipeInstruction" (id, recipeId, sortOrder, text) VALUES ('seed_instr_018', 'seed_recipe_004', 2, 'Add eggs one at a time.');
INSERT INTO "RecipeInstruction" (id, recipeId, sortOrder, text) VALUES ('seed_instr_019', 'seed_recipe_004', 3, 'Mix in vanilla + sour cream.');
INSERT INTO "RecipeInstruction" (id, recipeId, sortOrder, text) VALUES ('seed_instr_020', 'seed_recipe_004', 4, 'Whisk dry ingredients separately.');
INSERT INTO "RecipeInstruction" (id, recipeId, sortOrder, text) VALUES ('seed_instr_021', 'seed_recipe_004', 5, 'Add dry → milk → dry, mixing gently.');
INSERT INTO "RecipeInstruction" (id, recipeId, sortOrder, text) VALUES ('seed_instr_022', 'seed_recipe_004', 6, 'Fill liners about ⅔ full.');
INSERT INTO "RecipeInstruction" (id, recipeId, sortOrder, text) VALUES ('seed_instr_023', 'seed_recipe_004', 7, 'Bake 18–21 minutes until tops spring back.');
INSERT INTO "RecipeIngredient" (id, recipeId, ingredientId, quantity, rawQuantityText, unit, displayText, rawText, sortOrder, originalQuantity, originalUnit, createdAt, updatedAt) VALUES ('seed_ri_025', 'seed_recipe_004', 'seed_ing_003', 1.5, '180', 'CUP', '(1 1/2 cups) all-purpose flour', '180g (1½ cups) all-purpose flour', 0, 1.5, 'CUP', datetime('now'), datetime('now'));
INSERT INTO "RecipeIngredient" (id, recipeId, ingredientId, quantity, rawQuantityText, unit, displayText, rawText, sortOrder, originalQuantity, originalUnit, createdAt, updatedAt) VALUES ('seed_ri_026', 'seed_recipe_004', 'seed_ing_012', 2, '20', 'TBSP', '(2 tbsp) cornstarch', '20g (2 tbsp) cornstarch', 1, 2, 'TBSP', datetime('now'), datetime('now'));
INSERT INTO "RecipeIngredient" (id, recipeId, ingredientId, quantity, rawQuantityText, unit, displayText, rawText, sortOrder, originalQuantity, originalUnit, createdAt, updatedAt) VALUES ('seed_ri_027', 'seed_recipe_004', 'seed_ing_040', 1.5, '1½', 'TSP', 'baking powder', '1½ tsp baking powder', 2, 1.5, 'TSP', datetime('now'), datetime('now'));
INSERT INTO "RecipeIngredient" (id, recipeId, ingredientId, quantity, rawQuantityText, unit, displayText, rawText, sortOrder, originalQuantity, originalUnit, createdAt, updatedAt) VALUES ('seed_ri_028', 'seed_recipe_004', 'seed_ing_019', 0.5, '½', 'TSP', 'salt', '½ tsp salt', 3, 0.5, 'TSP', datetime('now'), datetime('now'));
INSERT INTO "RecipeIngredient" (id, recipeId, ingredientId, quantity, rawQuantityText, unit, displayText, rawText, sortOrder, originalQuantity, originalUnit, createdAt, updatedAt) VALUES ('seed_ri_029', 'seed_recipe_004', 'seed_ing_285', 0.5, '113', 'CUP', '(1/2 cup) unsalted butter, room temp', '113g (½ cup) unsalted butter, room temp', 4, 0.5, 'CUP', datetime('now'), datetime('now'));
INSERT INTO "RecipeIngredient" (id, recipeId, ingredientId, quantity, rawQuantityText, unit, displayText, rawText, sortOrder, originalQuantity, originalUnit, createdAt, updatedAt) VALUES ('seed_ri_030', 'seed_recipe_004', 'seed_ing_001', 0.75, '150', 'CUP', '(3/4 cup) light brown sugar, packed', '150g (¾ cup) light brown sugar, packed', 5, 0.75, 'CUP', datetime('now'), datetime('now'));
INSERT INTO "RecipeIngredient" (id, recipeId, ingredientId, quantity, rawQuantityText, unit, displayText, rawText, sortOrder, originalQuantity, originalUnit, createdAt, updatedAt) VALUES ('seed_ri_031', 'seed_recipe_004', 'seed_ing_020', 0.25, '50', 'CUP', '(1/4 cup) granulated sugar', '50g (¼ cup) granulated sugar', 6, 0.25, 'CUP', datetime('now'), datetime('now'));
INSERT INTO "RecipeIngredient" (id, recipeId, ingredientId, quantity, rawQuantityText, unit, displayText, rawText, sortOrder, originalQuantity, originalUnit, createdAt, updatedAt) VALUES ('seed_ri_032', 'seed_recipe_004', 'seed_ing_224', 2, '2', 'COUNT', 'large eggs, room temp', '2 large eggs, room temp', 7, 2, 'COUNT', datetime('now'), datetime('now'));
INSERT INTO "RecipeIngredient" (id, recipeId, ingredientId, quantity, rawQuantityText, unit, displayText, rawText, sortOrder, originalQuantity, originalUnit, createdAt, updatedAt) VALUES ('seed_ri_033', 'seed_recipe_004', 'seed_ing_037', 2, '2', 'TSP', 'vanilla extract', '2 tsp vanilla extract', 8, 2, 'TSP', datetime('now'), datetime('now'));
INSERT INTO "RecipeIngredient" (id, recipeId, ingredientId, quantity, rawQuantityText, unit, displayText, rawText, sortOrder, originalQuantity, originalUnit, createdAt, updatedAt) VALUES ('seed_ri_034', 'seed_recipe_004', 'seed_ing_251', 0.5, '120', 'CUP', '(1/2 cup) whole milk', '120g (½ cup) whole milk', 9, 0.5, 'CUP', datetime('now'), datetime('now'));
INSERT INTO "RecipeIngredient" (id, recipeId, ingredientId, quantity, rawQuantityText, unit, displayText, rawText, sortOrder, originalQuantity, originalUnit, createdAt, updatedAt) VALUES ('seed_ri_035', 'seed_recipe_004', 'seed_ing_259', 0.25, '60', 'CUP', '(1/4 cup) sour cream', '60g (¼ cup) sour cream', 10, 0.25, 'CUP', datetime('now'), datetime('now'));
INSERT INTO "RecipeTag" (id, recipeId, tagId) VALUES ('seed_rt_006', 'seed_recipe_004', 'seed_tag_004');
INSERT INTO "Recipe" (id, userId, title, servings, prepTimeMinutes, cookTimeMinutes, totalTimeMinutes, createdAt, updatedAt) VALUES ('seed_recipe_005', 'seed_user_001', 'Chocolate Cupcake', 12, 20, 18, 40, datetime('now'), datetime('now'));
INSERT INTO "RecipeInstruction" (id, recipeId, sortOrder, text) VALUES ('seed_instr_024', 'seed_recipe_005', 0, 'Preheat oven to 350°F.');
INSERT INTO "RecipeInstruction" (id, recipeId, sortOrder, text) VALUES ('seed_instr_025', 'seed_recipe_005', 1, 'Whisk dry ingredients in one bowl.');
INSERT INTO "RecipeInstruction" (id, recipeId, sortOrder, text) VALUES ('seed_instr_026', 'seed_recipe_005', 2, 'Whisk oil, egg, buttermilk, vanilla in another.');
INSERT INTO "RecipeInstruction" (id, recipeId, sortOrder, text) VALUES ('seed_instr_027', 'seed_recipe_005', 3, 'Combine wet + dry.');
INSERT INTO "RecipeInstruction" (id, recipeId, sortOrder, text) VALUES ('seed_instr_028', 'seed_recipe_005', 4, 'Slowly whisk in hot coffee (batter will be thin).');
INSERT INTO "RecipeInstruction" (id, recipeId, sortOrder, text) VALUES ('seed_instr_029', 'seed_recipe_005', 5, 'Fill liners ½–⅔ full.');
INSERT INTO "RecipeInstruction" (id, recipeId, sortOrder, text) VALUES ('seed_instr_030', 'seed_recipe_005', 6, 'Bake 18–22 min.');
INSERT INTO "RecipeInstruction" (id, recipeId, sortOrder, text) VALUES ('seed_instr_031', 'seed_recipe_005', 7, 'Cool completely.');
INSERT INTO "RecipeIngredient" (id, recipeId, ingredientId, quantity, rawQuantityText, unit, displayText, rawText, sortOrder, originalQuantity, originalUnit, createdAt, updatedAt) VALUES ('seed_ri_036', 'seed_recipe_005', 'seed_ing_003', 1, '120', 'CUP', 'all-purpose flour', '120g all-purpose flour', 0, 1, 'CUP', datetime('now'), datetime('now'));
INSERT INTO "RecipeIngredient" (id, recipeId, ingredientId, quantity, rawQuantityText, unit, displayText, rawText, sortOrder, originalQuantity, originalUnit, createdAt, updatedAt) VALUES ('seed_ri_037', 'seed_recipe_005', 'seed_ing_029', 0.59, '50', 'CUP', 'cocoa powder', '50g cocoa powder', 1, 0.59, 'CUP', datetime('now'), datetime('now'));
INSERT INTO "RecipeIngredient" (id, recipeId, ingredientId, quantity, rawQuantityText, unit, displayText, rawText, sortOrder, originalQuantity, originalUnit, createdAt, updatedAt) VALUES ('seed_ri_038', 'seed_recipe_005', 'seed_ing_020', 0.75, '150', 'CUP', 'granulated sugar', '150g granulated sugar', 2, 0.75, 'CUP', datetime('now'), datetime('now'));
INSERT INTO "RecipeIngredient" (id, recipeId, ingredientId, quantity, rawQuantityText, unit, displayText, rawText, sortOrder, originalQuantity, originalUnit, createdAt, updatedAt) VALUES ('seed_ri_039', 'seed_recipe_005', 'seed_ing_039', 0.5, '½', 'TSP', 'baking soda', '½ tsp baking soda', 3, 0.5, 'TSP', datetime('now'), datetime('now'));
INSERT INTO "RecipeIngredient" (id, recipeId, ingredientId, quantity, rawQuantityText, unit, displayText, rawText, sortOrder, originalQuantity, originalUnit, createdAt, updatedAt) VALUES ('seed_ri_040', 'seed_recipe_005', 'seed_ing_040', 0.25, '¼', 'TSP', 'baking powder', '¼ tsp baking powder', 4, 0.25, 'TSP', datetime('now'), datetime('now'));
INSERT INTO "RecipeIngredient" (id, recipeId, ingredientId, quantity, rawQuantityText, unit, displayText, rawText, sortOrder, originalQuantity, originalUnit, createdAt, updatedAt) VALUES ('seed_ri_041', 'seed_recipe_005', 'seed_ing_019', 0.5, '½', 'TSP', 'salt', '½ tsp salt', 5, 0.5, 'TSP', datetime('now'), datetime('now'));
INSERT INTO "RecipeIngredient" (id, recipeId, ingredientId, quantity, rawQuantityText, unit, displayText, rawText, sortOrder, originalQuantity, originalUnit, createdAt, updatedAt) VALUES ('seed_ri_042', 'seed_recipe_005', 'seed_ing_422', 0.25, '60', 'CUP', 'vegetable oil', '60g vegetable oil', 6, 0.25, 'CUP', datetime('now'), datetime('now'));
INSERT INTO "RecipeIngredient" (id, recipeId, ingredientId, quantity, rawQuantityText, unit, displayText, rawText, sortOrder, originalQuantity, originalUnit, createdAt, updatedAt) VALUES ('seed_ri_043', 'seed_recipe_005', 'seed_ing_224', 1, '1', 'COUNT', 'large egg', '1 large egg', 7, 1, 'COUNT', datetime('now'), datetime('now'));
INSERT INTO "RecipeIngredient" (id, recipeId, ingredientId, quantity, rawQuantityText, unit, displayText, rawText, sortOrder, originalQuantity, originalUnit, createdAt, updatedAt) VALUES ('seed_ri_044', 'seed_recipe_005', 'seed_ing_256', 0.5, '120', 'CUP', 'buttermilk', '120g buttermilk', 8, 0.5, 'CUP', datetime('now'), datetime('now'));
INSERT INTO "RecipeIngredient" (id, recipeId, ingredientId, quantity, rawQuantityText, unit, displayText, rawText, sortOrder, originalQuantity, originalUnit, createdAt, updatedAt) VALUES ('seed_ri_045', 'seed_recipe_005', 'seed_ing_037', 1, '1', 'TSP', 'vanilla extract', '1 tsp vanilla extract', 9, 1, 'TSP', datetime('now'), datetime('now'));
INSERT INTO "RecipeIngredient" (id, recipeId, ingredientId, quantity, rawQuantityText, unit, displayText, rawText, sortOrder, originalQuantity, originalUnit, createdAt, updatedAt) VALUES ('seed_ri_046', 'seed_recipe_005', 'seed_ing_490', 0.5, '120', 'CUP', 'hot coffee (or hot water)', '120g hot coffee (or hot water)', 10, 0.5, 'CUP', datetime('now'), datetime('now'));
INSERT INTO "RecipeTag" (id, recipeId, tagId) VALUES ('seed_rt_007', 'seed_recipe_005', 'seed_tag_005');
INSERT INTO "Recipe" (id, userId, title, servings, prepTimeMinutes, cookTimeMinutes, totalTimeMinutes, createdAt, updatedAt) VALUES ('seed_recipe_006', 'seed_user_001', 'NYC Style Chocolate Chip Cookie', 10, 20, 13, 40, datetime('now'), datetime('now'));
INSERT INTO "RecipeInstruction" (id, recipeId, sortOrder, text) VALUES ('seed_instr_032', 'seed_recipe_006', 0, 'Cream butter + sugars — Paddle attachment, medium speed, 2–3 minutes until just fluffy — not airy.');
INSERT INTO "RecipeInstruction" (id, recipeId, sortOrder, text) VALUES ('seed_instr_033', 'seed_recipe_006', 1, 'Add eggs one at a time — Mix until smooth after each addition. Add vanilla.');
INSERT INTO "RecipeInstruction" (id, recipeId, sortOrder, text) VALUES ('seed_instr_034', 'seed_recipe_006', 2, 'Combine dry ingredients in a separate bowl, then add to mixer in two additions on low speed.');
INSERT INTO "RecipeInstruction" (id, recipeId, sortOrder, text) VALUES ('seed_instr_035', 'seed_recipe_006', 3, 'Fold in chocolate by hand to avoid overmixing.');
INSERT INTO "RecipeInstruction" (id, recipeId, sortOrder, text) VALUES ('seed_instr_036', 'seed_recipe_006', 4, 'Portion dough — Scoop 140g dough balls. Tear and press together lightly for craggy tops.');
INSERT INTO "RecipeInstruction" (id, recipeId, sortOrder, text) VALUES ('seed_instr_037', 'seed_recipe_006', 5, 'Chill — Minimum 2 hours, ideally 4+ hours or overnight. Dough should feel firm throughout.');
INSERT INTO "RecipeInstruction" (id, recipeId, sortOrder, text) VALUES ('seed_instr_038', 'seed_recipe_006', 6, 'Bake — 400°F / 205°C, 13–14 minutes. Edges golden, centers still soft.');
INSERT INTO "RecipeInstruction" (id, recipeId, sortOrder, text) VALUES ('seed_instr_039', 'seed_recipe_006', 7, 'Cool on tray 10–15 minutes before moving.');
INSERT INTO "RecipeIngredient" (id, recipeId, ingredientId, quantity, rawQuantityText, unit, displayText, rawText, sortOrder, originalQuantity, originalUnit, createdAt, updatedAt) VALUES ('seed_ri_047', 'seed_recipe_006', 'seed_ing_285', 1, '226', 'CUP', 'unsalted butter, cold but pliable, cubed', '226g unsalted butter, cold but pliable, cubed', 0, 1, 'CUP', datetime('now'), datetime('now'));
INSERT INTO "RecipeIngredient" (id, recipeId, ingredientId, quantity, rawQuantityText, unit, displayText, rawText, sortOrder, originalQuantity, originalUnit, createdAt, updatedAt) VALUES ('seed_ri_048', 'seed_recipe_006', 'seed_ing_001', 0.95, '200', 'CUP', 'brown sugar', '200g brown sugar', 1, 0.95, 'CUP', datetime('now'), datetime('now'));
INSERT INTO "RecipeIngredient" (id, recipeId, ingredientId, quantity, rawQuantityText, unit, displayText, rawText, sortOrder, originalQuantity, originalUnit, createdAt, updatedAt) VALUES ('seed_ri_049', 'seed_recipe_006', 'seed_ing_020', 0.5, '100', 'CUP', 'granulated sugar', '100g granulated sugar', 2, 0.5, 'CUP', datetime('now'), datetime('now'));
INSERT INTO "RecipeIngredient" (id, recipeId, ingredientId, quantity, rawQuantityText, unit, displayText, rawText, sortOrder, originalQuantity, originalUnit, createdAt, updatedAt) VALUES ('seed_ri_050', 'seed_recipe_006', 'seed_ing_224', 2, '2', 'COUNT', 'large eggs', '2 large eggs', 3, 2, 'COUNT', datetime('now'), datetime('now'));
INSERT INTO "RecipeIngredient" (id, recipeId, ingredientId, quantity, rawQuantityText, unit, displayText, rawText, sortOrder, originalQuantity, originalUnit, createdAt, updatedAt) VALUES ('seed_ri_051', 'seed_recipe_006', 'seed_ing_037', 1, '1', 'TBSP', 'vanilla extract', '1 tbsp vanilla extract', 4, 1, 'TBSP', datetime('now'), datetime('now'));
INSERT INTO "RecipeIngredient" (id, recipeId, ingredientId, quantity, rawQuantityText, unit, displayText, rawText, sortOrder, originalQuantity, originalUnit, createdAt, updatedAt) VALUES ('seed_ri_052', 'seed_recipe_006', 'seed_ing_003', 3.08, '370', 'CUP', 'all-purpose flour', '370g all-purpose flour', 5, 3.08, 'CUP', datetime('now'), datetime('now'));
INSERT INTO "RecipeIngredient" (id, recipeId, ingredientId, quantity, rawQuantityText, unit, displayText, rawText, sortOrder, originalQuantity, originalUnit, createdAt, updatedAt) VALUES ('seed_ri_053', 'seed_recipe_006', 'seed_ing_012', 3, '25', 'TBSP', 'cornstarch', '25g cornstarch', 6, 3, 'TBSP', datetime('now'), datetime('now'));
INSERT INTO "RecipeIngredient" (id, recipeId, ingredientId, quantity, rawQuantityText, unit, displayText, rawText, sortOrder, originalQuantity, originalUnit, createdAt, updatedAt) VALUES ('seed_ri_054', 'seed_recipe_006', 'seed_ing_039', 1, '1', 'TSP', 'baking soda', '1 tsp baking soda', 7, 1, 'TSP', datetime('now'), datetime('now'));
INSERT INTO "RecipeIngredient" (id, recipeId, ingredientId, quantity, rawQuantityText, unit, displayText, rawText, sortOrder, originalQuantity, originalUnit, createdAt, updatedAt) VALUES ('seed_ri_055', 'seed_recipe_006', 'seed_ing_040', 0.75, '¾', 'TSP', 'baking powder', '¾ tsp baking powder', 8, 0.75, 'TSP', datetime('now'), datetime('now'));
INSERT INTO "RecipeIngredient" (id, recipeId, ingredientId, quantity, rawQuantityText, unit, displayText, rawText, sortOrder, originalQuantity, originalUnit, createdAt, updatedAt) VALUES ('seed_ri_056', 'seed_recipe_006', 'seed_ing_019', 1.5, '1½', 'TSP', 'kosher salt', '1½ tsp kosher salt', 9, 1.5, 'TSP', datetime('now'), datetime('now'));
INSERT INTO "RecipeIngredient" (id, recipeId, ingredientId, quantity, rawQuantityText, unit, displayText, rawText, sortOrder, originalQuantity, originalUnit, createdAt, updatedAt) VALUES ('seed_ri_057', 'seed_recipe_006', 'seed_ing_030', 1.76, '300', 'CUP', 'chopped semi-sweet chocolate', '300g chopped semi-sweet chocolate', 10, 1.76, 'CUP', datetime('now'), datetime('now'));
INSERT INTO "RecipeIngredient" (id, recipeId, ingredientId, quantity, rawQuantityText, unit, displayText, rawText, sortOrder, originalQuantity, originalUnit, createdAt, updatedAt) VALUES ('seed_ri_058', 'seed_recipe_006', 'seed_ing_031', 0.29, NULL, 'CUP', 'Optional: 50g extra chocolate chunks for topping', 'Optional: 50g extra chocolate chunks for topping', 11, 0.29, 'CUP', datetime('now'), datetime('now'));
INSERT INTO "Recipe" (id, userId, title, servings, prepTimeMinutes, cookTimeMinutes, totalTimeMinutes, createdAt, updatedAt) VALUES ('seed_recipe_007', 'seed_user_001', 'Salted Chocolate Chip Cookies', 24, 20, 12, 45, datetime('now'), datetime('now'));
INSERT INTO "RecipeInstruction" (id, recipeId, sortOrder, text) VALUES ('seed_instr_040', 'seed_recipe_007', 0, 'Once your butter has cooled, add sugars and stir well.');
INSERT INTO "RecipeInstruction" (id, recipeId, sortOrder, text) VALUES ('seed_instr_041', 'seed_recipe_007', 1, 'Add eggs and vanilla extract and stir until dough is uniform.');
INSERT INTO "RecipeInstruction" (id, recipeId, sortOrder, text) VALUES ('seed_instr_042', 'seed_recipe_007', 2, 'In a separate, medium-sized bowl, whisk together flour, cornstarch, baking powder, baking soda and salt.');
INSERT INTO "RecipeInstruction" (id, recipeId, sortOrder, text) VALUES ('seed_instr_043', 'seed_recipe_007', 3, 'Gradually add the flour mixture to butter mixture, stirring until ingredients are completely combined.');
INSERT INTO "RecipeInstruction" (id, recipeId, sortOrder, text) VALUES ('seed_instr_044', 'seed_recipe_007', 4, 'Add chocolate and stir well so that chocolate is well distributed through the batter.');
INSERT INTO "RecipeInstruction" (id, recipeId, sortOrder, text) VALUES ('seed_instr_045', 'seed_recipe_007', 5, 'Cover cookie dough bowl with plastic wrap and chill in the refrigerator for at least 30 minutes.');
INSERT INTO "RecipeInstruction" (id, recipeId, sortOrder, text) VALUES ('seed_instr_046', 'seed_recipe_007', 6, 'About 15 minutes before dough has finished chilling, preheat oven to 350°F (175°C) and line cookie sheets with parchment paper.');
INSERT INTO "RecipeInstruction" (id, recipeId, sortOrder, text) VALUES ('seed_instr_047', 'seed_recipe_007', 7, 'Once dough has finished chilling, scoop by about 2 Tablespoon-sized portions. Gently roll the dough between your palms into a round ball, then place at least 2" apart on prepared cookie sheet.');
INSERT INTO "RecipeInstruction" (id, recipeId, sortOrder, text) VALUES ('seed_instr_048', 'seed_recipe_007', 8, 'Bake at 350°F (175°C) for 10–12 minutes or until edges are just beginning to turn golden (cookies should still be quite soft and may appear slightly underbaked in center).');
INSERT INTO "RecipeInstruction" (id, recipeId, sortOrder, text) VALUES ('seed_instr_049', 'seed_recipe_007', 9, 'Let cookies cool about a minute, then sprinkle lightly with flaky sea salt. Allow to cool completely on baking sheet before removing.');
INSERT INTO "RecipeIngredient" (id, recipeId, ingredientId, quantity, rawQuantityText, unit, displayText, rawText, sortOrder, originalQuantity, originalUnit, createdAt, updatedAt) VALUES ('seed_ri_059', 'seed_recipe_007', 'seed_ing_285', 1, '1', 'CUP', 'unsalted butter (cut into Tablespoon-sized pieces)', '1 cup unsalted butter (cut into Tablespoon-sized pieces)', 0, 1, 'CUP', datetime('now'), datetime('now'));
INSERT INTO "RecipeIngredient" (id, recipeId, ingredientId, quantity, rawQuantityText, unit, displayText, rawText, sortOrder, originalQuantity, originalUnit, createdAt, updatedAt) VALUES ('seed_ri_060', 'seed_recipe_007', 'seed_ing_001', 1, '1', 'CUP', 'light or dark brown sugar', '1 cup light or dark brown sugar', 1, 1, 'CUP', datetime('now'), datetime('now'));
INSERT INTO "RecipeIngredient" (id, recipeId, ingredientId, quantity, rawQuantityText, unit, displayText, rawText, sortOrder, originalQuantity, originalUnit, createdAt, updatedAt) VALUES ('seed_ri_061', 'seed_recipe_007', 'seed_ing_020', 0.667, '⅔', 'CUP', 'white sugar', '⅔ cup white sugar', 2, 0.667, 'CUP', datetime('now'), datetime('now'));
INSERT INTO "RecipeIngredient" (id, recipeId, ingredientId, quantity, rawQuantityText, unit, displayText, rawText, sortOrder, originalQuantity, originalUnit, createdAt, updatedAt) VALUES ('seed_ri_062', 'seed_recipe_007', 'seed_ing_224', 2, '2', 'COUNT', 'large eggs (room temperature)', '2 large eggs (room temperature)', 3, 2, 'COUNT', datetime('now'), datetime('now'));
INSERT INTO "RecipeIngredient" (id, recipeId, ingredientId, quantity, rawQuantityText, unit, displayText, rawText, sortOrder, originalQuantity, originalUnit, createdAt, updatedAt) VALUES ('seed_ri_063', 'seed_recipe_007', 'seed_ing_037', 1.5, '1 ½', 'TSP', 'vanilla extract', '1 ½ tsp vanilla extract', 4, 1.5, 'TSP', datetime('now'), datetime('now'));
INSERT INTO "RecipeIngredient" (id, recipeId, ingredientId, quantity, rawQuantityText, unit, displayText, rawText, sortOrder, originalQuantity, originalUnit, createdAt, updatedAt) VALUES ('seed_ri_064', 'seed_recipe_007', 'seed_ing_003', 2.75, '2 ¾', 'CUP', 'all-purpose flour', '2 ¾ cups all-purpose flour', 5, 2.75, 'CUP', datetime('now'), datetime('now'));
INSERT INTO "RecipeIngredient" (id, recipeId, ingredientId, quantity, rawQuantityText, unit, displayText, rawText, sortOrder, originalQuantity, originalUnit, createdAt, updatedAt) VALUES ('seed_ri_065', 'seed_recipe_007', 'seed_ing_012', 1, '1', 'TSP', 'cornstarch', '1 tsp cornstarch', 6, 1, 'TSP', datetime('now'), datetime('now'));
INSERT INTO "RecipeIngredient" (id, recipeId, ingredientId, quantity, rawQuantityText, unit, displayText, rawText, sortOrder, originalQuantity, originalUnit, createdAt, updatedAt) VALUES ('seed_ri_066', 'seed_recipe_007', 'seed_ing_040', 1, '1', 'TSP', 'baking powder', '1 tsp baking powder', 7, 1, 'TSP', datetime('now'), datetime('now'));
INSERT INTO "RecipeIngredient" (id, recipeId, ingredientId, quantity, rawQuantityText, unit, displayText, rawText, sortOrder, originalQuantity, originalUnit, createdAt, updatedAt) VALUES ('seed_ri_067', 'seed_recipe_007', 'seed_ing_039', 1, '1', 'TSP', 'baking soda', '1 tsp baking soda', 8, 1, 'TSP', datetime('now'), datetime('now'));
INSERT INTO "RecipeIngredient" (id, recipeId, ingredientId, quantity, rawQuantityText, unit, displayText, rawText, sortOrder, originalQuantity, originalUnit, createdAt, updatedAt) VALUES ('seed_ri_068', 'seed_recipe_007', 'seed_ing_019', 0.75, '¾', 'TSP', 'salt', '¾ tsp salt', 9, 0.75, 'TSP', datetime('now'), datetime('now'));
INSERT INTO "RecipeIngredient" (id, recipeId, ingredientId, quantity, rawQuantityText, unit, displayText, rawText, sortOrder, originalQuantity, originalUnit, createdAt, updatedAt) VALUES ('seed_ri_069', 'seed_recipe_007', 'seed_ing_030', 10, '10', 'OZ', 'semisweet chocolate', '10 oz semisweet chocolate', 10, 10, 'OZ', datetime('now'), datetime('now'));
INSERT INTO "RecipeIngredient" (id, recipeId, ingredientId, quantity, rawQuantityText, unit, displayText, rawText, sortOrder, originalQuantity, originalUnit, createdAt, updatedAt) VALUES ('seed_ri_070', 'seed_recipe_007', 'seed_ing_017', 1, '1', 'PINCH', 'flaky sea salt for sprinkling', '1 pinch flaky sea salt for sprinkling', 11, 1, 'PINCH', datetime('now'), datetime('now'));
INSERT INTO "Order" (id, userId, name, notes, createdAt, updatedAt) VALUES ('seed_order_001', 'seed_user_001', 'Saturday bake', 'Chocolate chip cookies (2 batches), sugar cookies (1 batch), cupcakes (1 batch).', datetime('now'), datetime('now'));
INSERT INTO "OrderItem" (id, orderId, recipeId, batches, createdAt, updatedAt) VALUES ('seed_oi_001', 'seed_order_001', 'seed_recipe_001', 2, datetime('now'), datetime('now'));
INSERT INTO "OrderItem" (id, orderId, recipeId, batches, createdAt, updatedAt) VALUES ('seed_oi_002', 'seed_order_001', 'seed_recipe_002', 1, datetime('now'), datetime('now'));
INSERT INTO "OrderItem" (id, orderId, recipeId, batches, createdAt, updatedAt) VALUES ('seed_oi_003', 'seed_order_001', 'seed_recipe_003', 1, datetime('now'), datetime('now'));